log_entropy,IR_norm_range,entropy_x_contrast,class
-1.8534220658039546,0.15443420520569517,9.96481939,1
-0.8370175278849593,0.017945177664974634,32.0672439,0
-2.2557014116753527,0.059358152173913006,9.823690000000001,0
-3.7338764016347175,0.16056511627906975,22.904070270000002,0
-2.4499255650179066,-0.2798374820146136,3.4066925,1
-0.20653227321493864,0.008976326530612207,0.08475628,0
-0.2627943439384095,0.00784412955465587,0.10249437,0
-2.0596388359522866,-0.4032827221988839,2.9420625,1
-3.759301489226025,0.4117135135135136,24.091813220000002,0
-3.839701878732349,0.2457576158940397,19.775164649999997,0
-1.7270958996593648,-0.2898110746935969,1.34386574,1
-1.281213848659301,-0.09627931678779098,0.80880125,1
-1.529241324293078,0.019941552511415512,13.48595611,0
-1.6471397276970334,-0.15407723954313388,1.21338,1
-3.6008682104909235,0.14782303370786518,23.84279625,0
-3.6848870344381037,0.13251744186046516,23.123269580000002,0
-2.0039630063199567,-1.6499604772838483,2.32136384,1
-2.0402207516034805,-0.25618449885442013,2.406079,1
-3.4082216944843617,0.11415411764705889,18.934719289999997,0
-3.623091339044168,0.07748410256410253,22.31196714,0
-3.3410431763565724,0.05197106598984776,17.57019882,0
-2.549765094095532,-0.3406997335586171,4.86855875,1
-2.683845365992519,0.0370911214953271,6.014101859999999,0
-3.0834709695214104,-0.38083463131374756,8.25316,1
-3.3298071062459127,0.060227118644067816,24.253605,0
-0.6299845868264886,0.0033691666666667195,0.43497442,0
-2.742641490592338,-0.4756592246019669,5.0237345200000005,1
-1.2180716948988122,0.0632076124681524,5.851900140000001,1
-3.4388989373197356,0.09809945945945951,16.34665857,0
-2.375155678302005,0.05661764705882353,23.9610594,0
-2.9759294501793994,-0.6781340241092542,6.257914199999999,1
-2.3612739832981924,-0.8190422301199278,3.99438769,1
-0.25373162019397466,0.04962075619495235,5.253463720000001,1
-2.5796568544076983,-0.6845218560020003,4.310806640000001,1
-1.4048657059555305,-4.2211154484677165,2.9897818199999997,1
-3.1868925368844288,-1.250544796191863,9.356515000000002,1
-2.638057689422045,-1.036619517464016,4.9510746999999995,1
-2.3382121670102594,-0.6049226935695897,3.0803572,1
-2.8387283538041697,-1.5820661139164827,6.9546789,1
-1.3104450117582185,-0.48576872071342636,1.09678899,1
-0.05826489753201814,0.0023404858299595397,0.02754728,0
-3.470547138253592,0.0916652849740932,14.28047001,0
-0.30178098330863207,0.02896266761705347,0.7363941,1
-2.3217678104740256,-1.8069974027929387,3.2945217300000005,1
-2.615926775427508,-0.6544380484440785,4.0342062499999995,1
-2.624168579190483,-15.326043528545894,20.1081795,1
-0.27865624803093786,-0.04078048589264897,0.10723856,1
-1.8476950381065838,0.011108860759493685,2.6883880799999997,0
-3.586322504778079,0.24420124223602477,15.004513840000001,0
-2.905891386738862,-1.2450078906627782,10.284054009999998,1
-2.8735144638386068,-0.5917551295736743,6.146493749999999,1
-2.224698461830041,-0.3854489824822815,3.1763347299999998,1
-2.3025849929940505,0.019941552511415512,16.64834,0
-2.943139633681518,0.15749190751445094,48.36980964,0
-0.820071851426982,-0.15618513930038355,2.25889968,1
-2.563949727258332,-8.669986987930184,4.4348766,1
-2.1602177649768586,-0.4669705384504751,2.7124325,1
-2.5809769864383463,-2.028697841266519,4.54862375,0
-2.4384047015890498,0.028081122448979527,18.744401250000003,0
-2.308603064715992,0.03035799086757995,12.081244980000001,0
-3.7255430235478544,0.24065133333333336,19.21683872,0
-1.2289487562197636,-0.11931086925526349,1.04727392,1
-0.8974689530997109,-0.060859927718760365,0.48064192000000006,1
-2.3475823543222765,-0.2908980263198916,3.64714,1
-3.76792222855405,0.1604776470588236,21.62814423,0
-0.10192197865241308,0.04140981600865845,0.50420073,1
-3.8121772179698445,0.25501194968553453,27.53632375,0
-0.08327290832543761,0.00978938775510208,0.03836817,0
-1.6424777148327154,-0.2783451206897359,1.4552748000000002,1
-3.201526940833372,0.09190555555555559,44.10675687,0
-1.1900698662838352,-0.2903725622563039,0.646425,1
-3.0037642436383725,0.04257451923076926,14.52081664,0
-1.5255563824763878,-0.16966999638090632,1.00774275,1
-2.770989841131688,0.036969377990430576,13.397965000000001,0
-2.733367855240358,0.030390430622009523,11.910977,0
-2.8117452710516377,-1.962327194636941,6.09414,0
-2.9206246155384457,-0.6685703907570656,6.357505000000001,1
-0.5373407123072497,0.19684177611006906,6.276375310000001,1
-1.0659514773925571,-0.0401859636261877,0.62567148,1
-3.8680056415425867,0.269915909090909,41.57828652999999,0
-3.7338764016347175,0.26174339622641507,20.59442924,0
-0.39304257329479236,0.0041453061224490054,0.137835,0
-3.4867549432264697,0.16215662650602414,17.11432602,0
-2.185691252554579,0.3409337145173805,10.252285,1
-0.20653227321493864,0.006541767068273041,0.08475628,0
-3.105546916346937,0.08728361581920899,32.29146816,0
-1.427533067452454,0.0384956989247312,37.23547875,0
-0.08457796559272075,0.02749609317074855,0.32924187000000005,1
-3.0470253574152477,-0.5162417263055473,7.12776925,1
-3.5233646766533697,0.08992565445026184,18.927444849999997,0
-2.647896137039535,-0.327597297607416,4.40907,1
-2.198224987579717,-0.5066212465364361,2.3999088,1
-3.6458195815118,0.08936686046511635,20.842045380000002,0
-2.7854711859962538,-1.122889493812522,5.15272125,1
-3.5199805798143413,0.09088693181818189,36.85323432,0
-2.6507249928398915,-0.9566765312528024,4.30513152,1
-2.09557084230891,0.8819581201859772,22.157429099999998,1
-3.352406931778478,0.08058863636363643,28.026834500000003,0
-1.0564152112078962,0.07582420154691398,2.97429534,1
-3.5508578077845665,0.16761794871794877,17.26938983,0
-0.7573657315600879,-0.07101620898023381,0.6740437499999999,1
-3.6928870739051303,0.3313418300653595,19.8937554,0
-3.3186958839073557,0.15040248447204968,19.894915460000004,0
-2.342365858947623,0.039196568627451044,37.682808879999996,0
-2.4805161820124018,-6.746045426891096,8.39336904,1
-3.3726096332650957,0.15292399999999995,12.864070939999998,0
-3.571985346770614,1.6685755555555557,17.387695519999998,0
-0.16581847289135213,-0.05667268376642453,0.07057176,1
-2.8542325376691955,-1.9675841551350302,5.74296192,1
-3.907034966404793,0.31260331125827817,23.52160692,0
-2.7120580718973506,0.790846236245009,7.71927888,1
-3.313186229614205,0.11716449704142018,24.559535,0
-2.238671673441767,-0.28203395336161396,3.1735672800000003,1
-3.066154523258285,-1.026245403816592,8.61556178,1
-2.2759430646766456,-0.7292086385117961,3.1263625900000003,1
-1.9855868933750025,-0.6845211712435094,2.26945916,1
-3.6381859595703534,0.10664945054945056,19.92805967,0
-3.8212681855387816,0.2626824675324676,19.63015698,0
-2.224698461830041,-3.813614769720935,4.84107473,1
-2.777400118465312,-1.0753922296227316,6.112705,1
-3.81671237107847,0.12821428571428573,22.4691522,0
-2.8167494508014848,4.470072879516205,6.64328366,1
-1.2715380881583647,0.010548458149779708,4.36139768,0
-1.7963700215084646,-0.15758376755439998,1.5636075,1
-2.3106171638848636,0.025945871559633085,8.8722,0
-3.9170350447392535,0.20639578313253007,34.49399733,0
-0.7741403180822078,-0.06629105966901035,0.29395125,1
-1.0900490282634223,-0.162505990248748,0.6696095400000001,1
-0.633935302077958,0.013088311688311729,8.801896849999999,0
-1.8944568009770382,0.41913033910310604,10.48790336,1
-2.3289289656642485,-1.8032536813717566,3.5319675000000004,1
-1.8036295810820901,-0.32831400243001263,1.8089495100000001,1
-0.05826489753201814,0.0055,0.02754728,0
-2.4224952769270383,0.03714579439252332,11.537652499999998,0
-3.246760771288361,0.1635248677248678,14.909724259999997,0
-0.9258361194779089,-0.06612431029754365,0.49196154000000003,1
-3.3843399696105254,0.11259450549450548,20.299889519999997,0
-0.22276860911382232,0.01399357429718873,0.09003375000000001,0
-0.5728783304353601,0.13276784517324186,30.382480879999996,1
-2.363397126120883,-2.52035339223204,8.18395228,1
-3.2754459118063655,0.06785380710659897,16.7052375,0
-1.3882963237104042,-0.06778869378854961,1.1019666499999998,1
-1.0078578980023858,0.058588609178557065,3.5922205,1
-0.7242251154994885,-0.04930682649007853,0.27870249999999996,1
-3.2834140793391406,-2.308645331961642,11.19046875,1
-3.476998771453894,0.15297365591397852,28.85004147,0
-2.8387283538041697,0.05439518716577537,19.50413985,0
-3.721402232596441,0.14877073170731714,24.83020672,0
-3.6268436872547047,0.1711164705882353,15.689235940000001,0
-0.05013605897965578,0.030375562621851152,0.05544912999999999,1
-1.7164664295443226,0.019477522935779874,22.19295,0
-1.3205065831287046,0.06177321576191783,6.9520125,1
-3.070455604232709,0.05275468749999993,20.092554879999998,0
-1.4329667274071738,0.11244399797622802,7.03075462,1
-2.628315094579211,-0.44757199610788256,5.50765426,0
-1.598497922939783,-0.19597793979355901,1.16685576,1
-1.5010319937271477,1.3274146120787162,7.21266507,1
-4.1289353858739,0.2647416666666666,37.0524756,0
-1.2299745726535107,-0.14765992307452067,0.64913984,1
-1.0252688665654506,4.030429927414855,26.87409096,1
-0.668844868517168,0.0011736625514403424,0.82183166,0
-2.624168579190483,-3.3784835492590184,5.69789825,1
-3.4482886747306463,0.075938860103627,18.18138606,0
-2.5047011547171665,0.03989090909090914,10.72993061,0
-3.746508143221849,0.15053093922651942,20.88383824,0
-1.963972220597887,0.04163791208791212,35.53740074,0
-2.983803505060278,0.9305034501239368,8.78500502,1
-1.1897411892169052,-0.07479426747776358,0.7417312500000001,1
-3.030323511284294,0.05846774193548387,11.995305,0
-2.638057689422045,-3.449849685706477,4.8223747,1
-3.912022505428271,0.1970837209302326,26.713496,0
-2.239610199935948,-0.20510949794323352,2.6700402,1
-3.4802402643273362,0.11002972972972977,16.595939360000003,0
-3.3186958839073557,0.15330245398773013,25.77771954,0
-1.2289487562197636,0.128366537370123,6.88830142,1
-1.0903465144980278,-0.057592587459235824,0.5461625,1
-2.727232867613797,-2.006409208331971,7.25176782,1
-3.3382223008106657,-2.4590232768458904,9.5397375,1
-3.182061610781658,0.11496494252873556,11.794129850000001,0
-2.2681835696583605,0.25236225761669495,11.28796875,1
-1.4430763328818734,0.013918018018018003,5.6530454599999995,0
-2.3517752321428063,-0.6335791119063778,4.27844984,1
-0.3246227064289779,-0.07218460834837426,0.16862924,1
-3.803168152085671,0.502433606557377,18.81897,0
-1.4007990067383576,0.01193193277310923,2.31,0
-3.4802402643273362,0.23263312101910835,17.09836436,0
-0.34080158072169975,0.005240243902438986,0.12446,0
-1.5315513275235613,0.02157252252252248,6.329255,0
-3.844363889664721,0.2667694267515924,26.95036392,0
-1.6029588966592936,-1.4593342826083626,14.03228079,1
-3.7766179317408155,0.21321987951807225,23.53442389,0
-1.9540430617138747,0.01515840707964606,4.86799014,0
-3.378457601437577,0.10282857142857141,16.58993303,0
-1.3276481279655434,-0.30599418854630445,4.7287212499999995,1
-4.0173829655305715,0.289109696969697,31.871548799999996,0
-0.9888613978272704,0.02091094527363187,64.9589376,0
-2.8647038357090056,0.08969677419354846,64.5707856,0
-0.9563317553900017,0.006935510204081594,1.38029031,0
-3.013896040515695,0.2187496062992127,28.293059939999996,0
-2.081042742918608,0.03421499999999999,5.640435839999999,0
-3.3382223008106657,-1.0442157654022062,12.276049099999998,1
-3.0159347767898987,0.05930404040404039,13.2757317,0
-2.142168286409269,0.01835739910313907,7.23574942,0
-3.877621095619143,0.12255869565217396,27.51305931,0
-3.005782407387311,0.3659385737165592,9.5634,1
-2.9720155516241937,-0.8299260589924133,6.28458496,1
-0.7461260842626837,-0.09971893816639664,0.31809336,1
-2.4057257410488204,0.03979138755980855,23.34901866,0
-2.8234608842633837,0.07796705202312144,12.920735520000001,0
-3.7507544323001993,0.1776107594936709,16.95710885,0
-3.6888790541140164,0.28237320261437915,17.534270000000003,0
-2.128631701836998,-1.967043963041416,31.7234127,1
-3.4834922986561394,0.09981935483870961,22.47432182,0
-3.6008682104909235,0.1081104046242775,18.32671659,0
-1.63835187113194,-0.37786878951027464,1.136655,1
-2.164563707988661,0.043811931818181875,30.22588716,0
-2.061994549459766,0.01771535087719294,4.12764,0
-1.3692405672304302,-0.3513288808536839,2.11280069,1
-2.415753679117607,-0.8705515201012499,3.7621375599999998,1
-1.486335671091453,0.02030506912442402,15.227964960000001,0
-3.6458195815118,0.9676676923076925,18.93641913,0
-2.081042742918608,-0.2139668315791175,2.23392,1
-2.2926346631309813,0.03712929292929288,34.5714617,0
-3.81671237107847,0.22386580645161283,22.1331022,0
-1.1721511597136682,0.017654112554112582,9.743936249999999,0
-3.0491328393106643,0.04424082568807337,8.846617499999999,0
-1.8825597678515313,-0.24382206168908327,2.16060076,1
-3.835061501329162,0.12205934065934064,22.49316,0
-0.2157956012431841,0.005155465587044572,0.09735272,0
-3.2039869660690616,0.05170256410256407,25.312748019999997,0
-3.064010900174546,0.45715041068070267,8.844592389999999,1
-4.011842788224322,0.5927457142857144,32.782647600000004,0
-0.6234345494954087,0.011124347826087011,7.71313875,0
-1.8394801425068066,0.14522423180014615,9.439978870000001,1
-1.984131289148241,-0.6093421096044079,2.5145312500000006,1
-3.6651625368716965,0.23748987341772157,22.69610752,0
-2.2358613674057723,-0.6426360736859569,3.57179625,1
-2.8234608842633837,-1.4195476553149822,6.15087,1
-2.2966029219129247,-0.7683679935235989,7.51650002,1
-3.1077815536489926,-3.6624931675321126,8.29986024,1
-2.5096091394271496,-11.912189446307574,4.22116104,1
-3.239078277083712,0.10997582417582422,15.474529279999999,0
-3.863232365068351,0.3232813333333333,18.9375375,0
-3.0282552586480023,-0.342366014663312,8.2038,1
-2.167180368651602,-0.37167179651475457,3.31906875,1
-1.4705458700513818,-0.09510579013333524,1.005375,1
-3.763602569275483,0.1458900621118013,18.652605119999997,0
-0.23079775765502444,0.0076563999999999625,0.09264813000000001,0
-3.835061501329162,0.310214074074074,26.845469280000003,0
-3.4834922986561394,0.17517062499999997,16.73815269,0
-3.738069278136729,0.1468436781609196,19.66008758,0
-3.4388989373197356,0.08490860215053767,22.214134109999996,0
-2.327902798414238,0.042216145833333364,38.7830625,0
-2.3176986292812565,0.023400934579439266,6.40168245,0
-2.5332567847844705,-2.4366052700075023,5.15703,1
-1.2019747683964639,-0.13529248789062867,0.8842750199999999,1
-3.530167421662245,0.12361397849462363,15.49677,0
-0.5561717080930351,0.14973222530009242,12.01513828,1
-2.663554817743646,-0.745237162670514,4.67716274,0
-2.7646203938604583,-2.023288983655211,6.2627229,0
-3.070455604232709,5.765469571750565,8.802274879999999,1
-1.8420006225733212,2.2698067240539213,3.1865156999999997,1
-2.4349741668845466,-0.7527868611529558,4.83041292,1
-2.2808235033651796,0.05547712765957445,30.02381522,0
-3.369698423905152,-1.417434618024232,10.75788448,1
-1.864975467001537,-0.1845312592961183,2.424185,1
-3.593568910673314,1.0688415584415585,18.599625,0
-3.547379544618075,0.2172632258064517,17.54292096,0
-1.9118952028090395,-0.39932912637248835,6.896717499999999,1
-3.313186229614205,-2.3010426714436636,10.934105,1
-3.9792312203623807,0.1545601123595505,33.721865210000004,0
-3.1167703761974384,0.06237553191489357,23.16834625,0
-3.932225202541714,0.26042484076433114,23.14849964,0
-3.8212681855387816,0.19307672955974836,20.97281094,0
-2.672200403490723,-0.9683752733854547,5.099870219999999,1
-3.641995486535769,0.09479690721649488,16.79900246,0
-0.025010152750912354,0.017295549444953602,0.01219125,1
-1.9870446194744107,0.045599489795918366,11.82373707,0
-1.2133499324911579,1.851072502165384,26.667518240000003,1
-2.037148552802471,-0.6724376013369217,1.9532876799999999,1
-3.112265865090867,0.08764535519125678,22.2555625,0
-2.366590316360156,0.03421162790697677,6.116153959999999,0
-0.5176823944478648,0.07364765846258323,4.0893637499999995,1
-1.0747004393306432,0.01103243243243239,5.13523638,0
-1.0975128632577729,-0.0790054696235471,0.58954779,1
-4.173387120212115,0.22658562874251495,35.53980122,0
-2.675098955824654,-0.8007717419317888,8.04953188,1
-2.322787698270754,-0.6803689199848774,4.4973866000000005,1
-1.7849824253542774,0.028582439024390213,12.505999760000002,0
-0.22639883149412496,0.06047076118356948,4.56846408,1
-2.9022417483173064,-14.385658710966252,8.25032808,1
-0.9675839999459165,-0.048222611889110416,0.56525,1
-0.7514120674920061,0.042686908259875936,3.53775,1
-2.4674596182597583,-135.17266949152543,4.85268,1
-2.815078606915839,-1.0584589993533209,4.942247170000001,1
-0.29209176754822175,0.004146311475409797,0.5755563600000001,0
-1.7981799766445061,0.03731813953488376,4.24901448,0
-0.671777135246619,0.0048226337448559415,0.93644964,0
-3.4737677519163976,0.13018666666666673,22.2684625,0
-3.738069278136729,0.29921870967741926,18.06400008,0
-3.3270177049364107,0.3369439393939393,11.79479422,0
-0.3615439066947956,0.16402546311180724,30.194684279999997,1
-1.4845688862576054,-0.04723378769140992,1.09239328,1
-2.796881250874413,0.0442244897959184,12.2437187,0
-3.39025714488796,0.13876488095238096,29.5759625,0
-2.4710036262758206,16.030685604068033,13.726323650000001,1
-2.312635327837451,0.05429699999999997,55.3913217,0
-2.1498639201394756,-0.6612245944075662,10.057351800000001,1
-3.8728018115057496,0.1782585365853658,24.05883792,0
-3.738069278136729,0.16695764705882354,20.26252746,0
-1.870802611633445,0.023721363636363693,11.3311968,0
-2.8770605662166147,-0.6756212001057363,5.67433625,1
-1.9973086384493488,-0.5009288095315548,3.33200494,1
-0.19637990187510324,0.006755737704918071,0.36631386,0
-1.1372491411012384,0.4941618721893727,32.43344931,1
-2.4191187968904533,-0.292333470231542,4.3461637,1
-2.7364495213029323,0.0179441964285714,10.26647784,0
-0.18910449700911489,0.02956772626608152,0.8518688399999998,1
-1.413871087771705,-0.15838288019731636,0.95657856,1
-2.7302956566753087,-1.5142603002339485,4.92151116,1
-3.1512169427495533,0.06842643678160927,40.37609476,0
-2.499817140721082,-0.6909088054719617,4.784377500000001,1
-3.1419145522506176,-0.6411014298278223,8.66484,1
-1.1394342519383653,0.012461085972850621,10.869344000000002,0
-0.06742266561995881,0.022402447581180544,1.82678616,1
-0.8337894873421537,0.11822040883613595,4.59738552,1
-2.5916012549476237,-1.4148901860137637,4.4016258299999995,1
-0.9942522463168403,-0.19050719258887588,0.511821,1
-3.4737677519163976,0.20333026315789482,29.399237499999998,0
-3.026191274853154,0.08768079096045193,18.55529005,0
-2.291645054043748,-0.2795413846156831,2.8270087499999996,1
-2.4769383610912117,3.4891397664835146,16.260997200000002,1
-2.515778189692719,-6.236250576783635,6.31485936,1
-2.8895718978695015,-1.960645386295637,6.39840352,1
-0.5364853534467052,-0.3600926413306666,4.454246159999999,1
-3.2089252464903106,-2.4435735664606706,9.65492532,1
-2.8577108014406036,-0.7881343753939242,6.5644075,1
-2.905891386738862,-6.051830569225956,6.60000901,1
-0.6758968074954661,0.010450000000000013,2.8275072100000003,0
-2.3881428724232365,-0.825321416773225,4.11684444,1
-3.912022505428271,0.17614999999999997,22.627334,0
-3.3382223008106657,0.1045482758620689,14.339042849999998,0
-2.308603064715992,-0.20063556507729993,3.15677502,1
-2.6707542718498534,-1.0761752353000709,6.68068564,1
-0.20653227321493864,0.0037481781376518604,0.08475628,0
-0.729188931173228,-0.15747921301412507,0.28735434,1
-3.947649664936716,0.32936878980891726,24.28478856,0
-2.2358613674057723,0.014389743589743577,5.37573375,0
-3.335409360225315,0.09859562841530058,13.61536952,0
-1.0972132377963442,0.035507999999999956,74.6251625,0
-2.236797258823088,-0.6502179134712777,3.41270856,1
-3.4802402643273362,0.1282934640522875,13.28468372,0
-0.9421214662544953,-0.4557342640055913,1.14667466,1
-1.507784213540483,0.025463551401869115,35.8917075,0
-3.2089252464903106,-1.2159434299454122,8.97166032,1
-2.9488484968154642,-1.4360737129836973,6.43079,0
-1.496555710714633,-0.29980021535228263,1.1036478799999998,1
-3.7507544323001993,0.29375519480519485,21.7671711,0
-1.849600405345116,0.027382999999999953,10.9362825,0
-1.8294612741067724,-0.37596034580406,1.7026321500000001,1
-2.9150741860347087,-2.430813687580558,6.98140986,1
-2.9150741860347087,0.132366847826087,10.21444528,0
-3.5370167611621377,0.12435647058823533,14.308347780000002,0
-2.087473632731942,0.04017580645161292,17.0009208,0
-2.5969560193684442,-0.7326486846240594,5.5387621,1
-1.8845328035476272,-0.34019621410206924,4.45890298,1
-1.4881055829795968,-0.1518021701717341,1.202385,1
-3.05973739031031,0.11730869565217385,25.699638229999994,0
-3.0747752644442508,0.27311925925925934,12.065901539999999,0
-3.4112474144853997,0.12291363636363638,12.6592125,0
-0.5549516643899777,-0.05466832682821723,0.19852378,1
-0.9503646863413782,0.00849173913043481,6.28387372,0
-0.8682150848160494,0.07704704562742544,4.0186275,1
-4.0983519812101825,0.22703575757575764,31.380920539999998,0
-0.29437104717975876,0.002598775510204043,0.11175,0
-0.888189277456037,-0.14473893148719708,0.44739749999999995,1
-3.4295965475419257,0.13710494505494508,12.667457159999998,0
-0.8476979170658733,0.07274522478494667,8.88574428,1
-2.9113909412967276,0.042270531400966184,19.326279999999997,0
-1.8502363353738014,-0.33489427760826507,1.61589024,1
-3.794239525327417,0.13027939393939403,21.560436,0
-1.3478431362544918,0.011239545454545469,15.019687499999998,0
-4.110473334396072,0.206160843373494,48.87562276,0
-1.4287843710046166,0.08697233425831316,7.720103679999999,1
-3.001750144672331,-0.8550755019242339,7.957382510000001,1
-3.1653348209733743,1.377902693881252,8.54145724,1
-2.6036900506428413,0.24727410071942454,39.92823919999999,0
-0.5782126246393561,0.00771570247933883,0.30148374999999994,0
-2.828524185365361,-2.565430620854774,7.37592822,1
-1.0364828890097222,0.004432244897959222,1.81932724,0
-3.4326877391560506,0.1851364102564102,13.099668750000001,0
-3.0900427332450366,0.057157843137254916,12.525012499999999,0
-1.4766567574174458,0.19872505543237243,6.55126572,1
-1.5338666792263413,-0.21028158293133414,1.30677531,1
-2.733367855240358,0.06134010416666665,17.3514835,0
-3.396209541643698,0.19643184713375794,11.475006250000002,0
-2.7854711859962538,0.03941935483870964,13.0804,0
-3.772260628270473,0.15963699421965316,21.942193200000002,0
-2.989750003069306,0.06340322580645165,34.802358739999995,0
-0.852377382678345,0.009152066115702465,2.37005912,0
-2.6104697367089336,-0.7619230344362468,5.1621549,1
-2.999740094148337,-1.2474945613649142,7.4272566599999985,1
-3.8121772179698445,0.26992452830188685,20.468650930000003,0
-0.6715813830720828,0.10527735888110215,6.22873953,1
-0.8209805293425577,-0.08556359940363142,0.322652,1
-1.9575778831014683,0.045254000000000044,23.352714999999996,0
-2.5383072999328453,-0.7492214570029494,5.016831799999999,1
-3.1419145522506176,0.07883138297872343,13.77792288,0
-3.0407294302797276,0.08398449999999996,11.08820424,0
-1.6949957463295175,0.21021734611906026,7.63239888,1
-2.9280734381643057,-1.0762358672915509,7.376981249999999,1
-0.3386946904431629,-0.04332788688338026,0.14845541,1
-3.6045379380331943,0.22477290322580643,14.260622719999999,0
-3.0098309950937567,0.07890615384615379,17.12599669,0
-3.912022505428271,0.25240754716981134,22.888665999999997,0
-1.8891517490991405,0.2911098463289696,15.17292,1
-0.5535591489585625,0.17343860843085107,13.86704792,1
-3.3298071062459127,0.9682510638297873,13.86832214,0
-2.3289289656642485,-1.6194530600660868,4.2843824999999995,1
-2.2749698286848123,-0.9225913369092197,15.763095000000002,1
-0.8018465751867424,0.0870136037319479,9.5287413,1
-3.1010925669896197,-3.023320283053279,9.141938999999999,1
-1.9365539847831632,-0.365026649034223,5.8527175,0
-2.605042315709993,-0.8295632545961605,4.346243749999999,1
-1.562077293387092,-0.39517978362105066,1.394505,1
-0.5572186458776007,-0.04070265638389023,0.26967424,1
-2.8967921445396834,-1.393335735124787,7.86162816,0
-0.9521769845251152,0.07474271029118948,11.7795975,1
-3.763602569275483,0.182677094972067,19.3894,0
-3.6268436872547047,0.13465232558139537,27.69536672,0
-2.7075501761355327,2.4733770640126673,19.27573972,1
-2.977892158962025,0.9210796610169494,11.718666279999999,0
-2.5613556924177363,0.02380859728506783,5.9350742400000005,0
-2.074652945330208,-0.21458349233983998,2.6035875199999996,1
-3.858481764566579,0.2333603896103896,22.60706539,0
-3.05973739031031,-2.032097009977393,6.92029198,1
-3.6458195815118,0.1046876470588235,30.013478370000005,0
-1.093027880541274,0.00567885462555062,6.54199784,0
-0.7465479361900145,0.005031779661016949,2.2396499999999997,0
-2.8629509871888392,-1.4396513376090274,6.56197768,1
-2.2358613674057723,-0.495252992413225,2.56381477,1
-1.9365539847831632,-0.43419533208389205,1.71598,1
-0.4732087441433196,0.004804032258064465,0.1635375,0
-2.6131945336638926,0.04238186528497408,31.21847,0
-2.113618910699969,-0.7854633253364145,3.7130900000000002,1
-3.564893120976117,0.09321902173913042,21.590304890000002,0
-1.3907040294318136,0.05544397905759161,81.16422413000001,0
-3.835061501329162,0.22845290322580647,21.95549928,0
-2.171556742868347,0.023765887850467335,14.0528712,0
-0.8782726406192458,-0.11913815512636416,0.65096385,1
-2.724179430593081,-1.5970159633097702,4.97466448,1
-0.930136113347666,-0.04996990570454092,0.47833125,1
-2.1768337995050677,-0.14564632541455444,2.33981622,1
-3.81671237107847,0.21240573248407646,22.162065199999997,0
-3.0098309950937567,0.04524597156398101,8.097732059999998,0
-2.7211352886751934,-5.237828207051763,4.9210175,1
-3.3581376048454277,0.12609649122807018,30.665325,0
-2.044846819635587,-0.3961152585886565,2.3626240199999997,1
-3.3581376048454277,0.05083732057416268,13.73353116,0
-3.6769504879918236,0.12019371727748687,18.30708,0
-2.197324492327556,-0.5141730486259161,2.7710228700000004,1
-0.8022926055142524,0.07577404220741239,6.657254999999999,1
-0.42878489807587367,0.0013072580645160908,0.1465425,0
-2.7015710859732156,-0.8192565066347741,5.22485557,1
-3.170085422603559,0.05889137055837559,14.7385014,0
-1.8760109564014968,0.01306962616822427,5.9664965599999995,0
-2.654983337918017,-0.7328488436550701,4.5364027600000005,0
-2.024195991753633,-0.6618038573049289,2.1642339299999995,1
-4.034190074430762,0.19238273809523812,39.09074736,0
-3.6343908900420594,0.1660275449101796,21.26189736,0
-2.128631701836998,-0.29551897896088514,3.8357626999999996,1
-1.3250110950807206,0.1350759501783923,12.626616359999998,1
-2.5269793010534705,-0.7592231877117284,6.4049837499999995,1
-0.9565920026195708,0.01170173160173163,8.82380614,0
-2.9642334126961893,0.08912256410256404,22.737323280000002,0
-3.738069278136729,0.2695313333333333,19.517194760000002,0
-2.916920908286835,0.10851648351648352,38.65918375,0
-1.2371849040730563,0.01415756097560974,12.090457500000001,0
-1.1913856559040727,0.017749308755760324,20.712840959999998,0
-2.7838517527062074,-1.8484009526011063,6.18334956,1
-3.8824637177498262,0.17868285714285712,25.5720675,0
-2.15244234850581,-2.6233508580497973,5.502558039999999,1
-3.2289259081964814,0.08233010204081628,14.640286320000001,0
-0.852377382678345,0.004211522633744895,1.23302088,0
-2.767800046272328,-1.7475207613704142,5.893516239999999,1
-2.4569023366922953,0.02250287081339716,17.59278738,0
-3.7050084295398373,0.2428929032258065,21.774072540000002,0
-3.798693873692671,0.1789352941176471,20.64393184,0
-1.7026502392715386,-2.071886721680421,10.15613774,1
-1.949817703612264,0.028391707317073186,33.72214016,0
-2.1455812587142993,-1.8741637843034264,2.5627914,1
-3.1442320498539003,0.4386155844155845,37.44006921,0
-3.7297010319676116,0.31586993464052293,19.953799200000002,0
-2.5257285193082635,-0.6482935267550229,4.906000000000001,1
-1.3246349431250402,-0.09888484612199905,1.01486053,1
-3.6496583563453444,0.10292645502645506,18.2380276,0
-3.759301489226025,0.306602614379085,22.26285875,0
-1.6189832747980772,0.48770057214770945,4.447344999999999,1
-3.0576074645061437,-1.2006179346721917,7.387225000000001,1
-3.5613657817023627,0.12818793103448273,15.968845720000003,0
-2.2293345383176546,-3.946039928993507,3.12354192,1
-2.5257285193082635,0.19457845989313338,7.087000000000001,1
-0.9288694887645598,0.010686792452830218,8.8611535,0
-1.3823023000097165,0.010520588235294065,2.0111375,0
-3.6343908900420594,0.10985222222222227,19.47582912,0
-1.003483916298846,-0.0818633376797088,0.6048899999999999,1
-2.7302956566753087,-0.909783489227582,13.92183,1
-0.4836969401571379,0.06922041946972703,8.0479143,1
-2.575706882708461,-1.9578937106776748,5.429735,1
-0.8005096766216893,0.1363387079083028,4.20658497,1
-2.2837632406180357,-0.608052777291675,4.20210125,1
-1.3858944011145582,-0.3195246953132864,1.40263583,1
-3.717278517113085,0.26368385093167707,21.12743574,0
-2.855970157265804,0.05061780104712045,13.21278125,0
-2.600990994037922,0.03209903381642509,10.368218279999999,0
9.999999889225291e-09,0.0034181451612903357,0.0,0
-1.6024622490452434,-0.45932067233221485,3.4968075,1
-2.1219315098283373,0.01939429824561401,13.08715566,0
-1.5832829062480442,-0.6565112007338451,1.22580524,1
-3.4577674156902827,0.1233917647058823,16.3512594,0
-1.485893682153517,0.04393535353535349,146.30577875,0
-3.9899840063574636,0.18293099415204686,39.1114753,0
-3.513246549900365,0.17762229299363053,19.75826718,0
-3.568432946428203,0.1695742331288344,17.16240438,0
-2.7045561623711345,-0.43538964617702164,6.44693223,1
-0.8173507613743243,-0.11312005110971576,0.49494528,1
-2.713565230960769,0.13680439560439567,43.50909654,0
-0.23483663725823414,0.05423322022676491,7.155835000000001,1
-2.473373295350372,0.020410810810810868,7.2982725,0
-2.7150746649817843,0.21641976330381515,7.487219999999999,1
-2.9661732771377083,0.11268051282051283,9.43201385,0
-0.5875266807009404,0.0054685714285714155,0.70390519,0
-2.171556742868347,0.28063163120477086,5.675775000000001,1
-3.3495538636100726,0.06717089947089949,32.0331375,0
-2.894982189622038,-0.6314496192404685,9.04638875,1
-3.7853899139662426,0.24180967741935488,21.77657989,0
-2.3783866985354685,0.03799386792452829,9.31711941,0
-2.6104697367089336,-0.7736465442495281,5.270258699999999,1
-3.264919501589537,0.13315917159763307,51.1521875,0
-0.7273246116661678,-0.05176949891149962,0.31610944,1
-2.0024804264696363,-0.39715715203874735,2.0981295,0
-3.4357885158728165,0.09984973262032082,19.38332774,0
-3.2754459118063655,0.07831666666666662,11.91456,0
-2.8967921445396834,0.05162488262910804,9.10685184,0
-1.0249901209268164,0.0069072961373390284,10.212345,0
-2.1202634528667614,-2.2281293114260636,11.591496,1
-2.4213685163714063,0.022922727272727303,7.93132296,0
-1.2601904490632343,0.2433106125780335,3.0274300000000003,1
-3.2365305056540277,0.08584651162790702,13.567342500000002,0
-2.092324086473576,-0.6627376475303337,2.72816422,1
-2.125275994271545,-0.7847136098479628,3.477525,1
-3.2213787044597844,-1.5498593267085223,8.93993016,1
-2.728763089560407,-2.739274452129211,9.86410699,0
-0.6073365057914748,0.004946721311475384,2.7080918399999994,0
-2.8217787983633404,-0.42327475185324787,10.9348624,1
-3.721402232596441,0.26822039473684206,16.18425578,0
-2.485306609761328,-0.2734975126029347,4.10079236,1
-3.6343908900420594,0.31906814159292035,19.640063519999998,0
-3.0944480257426212,0.058917616580310944,24.42330927,0
-2.8117452710516377,0.07228882352941171,22.65795242,0
-2.9622973040441747,0.053684153005464426,21.785950890000002,0
-3.423442683861056,0.07453434343434345,18.903928259999997,0
-2.0996441673647057,0.5380954415345839,19.5576395,1
-1.1586807832769503,-0.19938859405491313,1.20327287,1
-2.6649905679636126,-1.9239243363307417,8.020822319999999,1
-3.623091339044168,0.18680318471337584,19.520925360000003,0
-3.369698423905152,0.05918725490196074,11.47168448,0
-2.8594544807413884,-1.3551316094956176,5.28473316,1
-4.028556259886503,0.27063734939759043,30.16032178,0
-2.6104697367089336,-0.46623226976281695,4.832625,1
-2.7045561623711345,-0.6603804962416018,4.7490637499999995,1
-2.8473120960219394,-4.726747379754345,9.9711686,1
-1.4485953447459639,-0.160572918197944,1.327185,1
-2.4281482025907133,-0.3623387969049006,3.78194544,1
-1.4056810341370474,-0.45547605071744063,1.0604900000000002,1
-1.1156566927616531,-0.23397055019320623,0.6704086599999999,1
-3.5199805798143413,0.08123861386138616,13.62759728,0
-1.3428517649775524,-0.1657599965384636,0.91928088,1
-2.9224816259408097,-0.9450270098506515,6.96530846,1
-3.4834922986561394,0.13975965909090912,12.81520231,0
-2.432693664445856,-0.36746079953206906,3.40517374,1
-3.4173264587140366,0.15430955414012734,27.769162240000004,0
-3.246760771288361,0.14631139240506327,14.901940369999998,0
-0.744019489889931,0.05532684898004934,3.98374416,1
-3.1010925669896197,-3.150736256030811,7.685064,1
-2.081042742918608,-0.1620410619942487,2.24119584,1
-1.9044802721330087,-0.295092463947167,1.77811913,1
-1.1653932902866204,0.011308403361344485,3.5415179400000003,0
-0.0418641936711702,0.020804689099810897,0.06396529999999999,1
-2.7854711859962538,-0.7706700201795689,6.32528039,1
-2.2788684687204843,-1.2255969952739318,3.4235699200000003,1
-2.709050551285655,1.9803560704391794,14.05953972,1
-2.788717941568052,0.0658768361581921,13.0897584,0
-2.3025849929940505,-0.317112355274629,3.58917,1
-2.45224575140444,-0.48724744680488863,3.7539599999999997,1
-2.7520019318915936,-0.28752000803910455,4.79324296,0
-3.6343908900420594,0.07763203883495144,18.45470088,0
-3.158250967757676,0.07360102040816331,43.19788825,0
-2.8770605662166147,0.4081672727272728,40.22142375000001,0
-2.24715029149857,-0.9883251992302262,3.41719644,1
-1.0867825072673347,-0.6430793202286058,2.074395,1
-1.9011279393490181,0.03005595854922285,28.09342998,0
-2.198224987579717,-1.472654962536529,10.2295824,1
-1.6702499986958963,0.23336253124532652,15.786837060000002,1
-3.759301489226025,0.11033551912568298,23.16165858,0
-2.044846819635587,0.027070093457943954,9.628977499999998,0
-3.772260628270473,0.64633679245283,18.3444159,0
-2.225623959265329,0.016211587982832603,4.4936964,0
-2.7060520487389494,0.051070370370370356,36.53069556,0
-1.7969729759673134,-0.2968303183396005,1.9108450000000001,1
-2.8770605662166147,-1.867894206838258,6.529628960000001,1
-0.3246227064289779,0.004288979591836773,0.36443576,0
-0.8388668117719155,-0.08118509801747438,0.3619675,1
-3.76792222855405,0.33009072847682125,21.48020721,0
-3.742279808900212,0.1209663043478261,20.87012046,0
-1.2906205747011907,-0.2922387209790513,0.7278595800000001,1
-3.9845931606287173,0.1995246987951808,32.097095579999994,0
-0.5593158154316732,0.005883966244725712,2.22449572,0
-2.5294855677154615,0.06748203592814367,31.22380599,0
-2.8594544807413884,0.05793910614525147,11.74386993,0
-2.5194979703340246,0.3173940817672272,8.89223125,1
-2.4258831962163736,-9.063254466441334,3.67706872,1
-0.9387919716517608,0.016108571428571444,23.58168738,0
-3.5613657817023627,0.19754102564102555,24.77403284,0
-0.640934290130475,-0.06242002161029917,0.26561256,1
-3.3932289143939753,0.14664702380952374,17.49804,0
-1.8300845212055854,0.13214184676318264,10.00828632,1
-2.3176986292812565,-0.6165036820607614,3.6272625000000005,1
-0.30992766776583547,0.01355421686746988,0.11611305000000001,0
-2.6971101126959343,-0.7054757347063008,4.849146920000001,1
-0.31772898006403916,0.007498795180722879,0.1182675,0
-3.6888790541140164,0.14756397515527953,25.153855,0
-1.1353799817367642,0.00815416666666664,2.39101821,0
-3.844363889664721,0.2602080000000001,20.398032739999998,0
-2.271086329035455,-0.7574184000585843,2.99881656,1
-3.844363889664721,0.22296424242424237,22.416857379999996,0
-2.673648629457352,-0.7967077367520685,6.504402300000001,1
-2.617295700847454,-1.1767314119321002,7.363874999999999,1
-2.9022417483173064,0.061019473684210596,25.70486625,0
-3.092242953670542,0.07971229946524071,11.603863180000001,0
-0.7609978260640103,0.1270869519529727,9.64184,1
-3.2780949192762177,0.07114812834224597,15.139694179999998,0
-2.6338706636522025,0.0382730569948186,15.333485940000001,0
-1.281213848659301,-0.34460215112475295,0.9603699099999999,0
-3.8121772179698445,0.32874144736842115,30.696073460000004,0
-1.9618362284818198,0.0854494047619048,132.91973906,0
-4.0983519812101825,0.15335161290322585,28.788895280000002,0
-3.547379544618075,0.19564573170731714,14.816519999999999,0
-3.4577674156902827,0.3287045161290322,29.121356249999998,0
-2.7838517527062074,-0.46664354490691135,8.40763044,1
-3.239078277083712,0.053249253731343316,14.33789392,0
-1.9262054971468006,-0.5739832763207906,2.00276306,1
-3.5543482115060416,0.1367826086956522,14.51104512,0
-3.66126389797598,0.2588019480519481,22.666652130000003,0
-3.7853899139662426,0.16148806818181816,19.99482511,0
-3.7255430235478544,0.1565934065934066,20.473352470000002,0
-3.191746914170975,0.06079801980198026,19.215281609999998,0
-0.39645579908510953,0.009206224066390094,0.35034216,0
-3.630610168631541,0.19905272727272735,19.8553423,0
-3.58271889857338,0.0705396825396825,20.816639999999996,0
-3.4577674156902827,0.1597222222222222,21.4011,0
-1.1535965653051485,0.0764019055923472,6.641275,1
-3.4933123416226466,0.09705681818181815,20.20928768,0
-0.7624972372585115,-0.05964260253790215,0.37320000000000003,1
-2.119430466632256,-0.49134238132663177,7.619348169999999,1
-3.709081753268274,0.1675955414012739,26.5638163,0
-1.9031379901423653,-0.7145882084879088,3.8753624700000007,1
-0.5264469877398803,-0.03281178881383979,0.19936125000000002,1
-3.6809108876394414,0.2915322580645161,16.78561416,0
-3.4609470675966425,0.1881030864197531,15.4539025,0
-3.5370167611621377,0.1443623456790123,18.34112181,0
-2.5678534402308384,0.05638163265306127,10.596105000000001,0
-3.5233646766533697,0.15867055214723932,14.63765515,0
-2.7105531809444,-1.7095124370797665,11.05008555,1
-3.7050084295398373,0.13796373626373623,19.77952668,0
-3.780994304425347,0.23432499999999998,19.39975848,0
-3.0683027513350862,0.09199493670886078,31.209828149999996,0
-3.4737677519163976,0.42473740458015274,12.565075,0
-0.6401752768257062,-0.03183510349816948,0.30313999999999997,1
-3.022076043554805,-0.5457152295705678,8.19560125,1
-3.8490477367833,0.19838154761904767,21.206369459999998,0
-3.3726096332650957,0.09006201117318442,14.591652179999999,0
-1.774312496662072,-0.8752052928743438,2.51432,1
-2.266253067314645,-0.7011888867696613,6.542609290000001,1
-1.1542306807152962,-0.11116252539186419,0.7225730100000001,1
-1.1304125702485677,0.38252743806836015,2.98143257,1
-3.199072952474012,0.11030710659898481,12.52781136,0
-3.3270177049364107,0.0819038043478261,16.46239375,0
-2.217325157215862,-0.40635978953815316,5.3596986300000005,1
-0.7558739891735317,0.033896236559139765,187.04755,0
-1.6347556691363403,-0.09813908528946517,1.3763685,1
-1.316395196440709,-0.17678726676921025,0.79424625,1
-3.231454353910536,0.6275846153846155,9.8424125,0
-2.330984464635091,-1.1351567628695058,3.82927176,1
-1.7081538301856216,-0.1949774105979087,1.5704060400000002,1
-3.5972119006246754,0.072547263681592,18.500252579999998,0
-2.941243898876,0.04122647058823531,16.818336480000003,0
-2.8770605662166147,0.04740757575757571,11.59615604,0
-1.3178882911005825,0.4236069320129497,22.46225191,1
-1.167640842934541,0.15621066608880851,4.7987175,1
-2.6131945336638926,-1.0819623118222972,4.17382661,1
-0.2890162821137828,0.00685601659751036,0.3619917,0
-2.0675128917631818,0.4186133721571483,12.938318800000001,1
-3.657380399457741,0.22620967741935483,25.6230507,0
-0.05826489753201814,0.0017344000000000506,0.02754728,0
-2.5047011547171665,-0.7091451911186304,3.7673912499999997,1
-1.8344581611437647,-0.3370610418586603,1.68949824,1
-0.45444527457689,-0.04579337192597891,0.23011500000000001,1
-3.184474156605004,0.07024999999999997,13.36064112,0
-2.5047011547171665,-1.2345678492472891,6.1230718600000005,1
-1.576486763915122,-4.48747718515514,11.39778939,1
-1.7259716725102783,-0.1382412266339387,1.3706,1
-2.9798587275473265,-0.7925042102405545,6.825615,1
-0.886974653262365,0.007966666666666612,5.004585,0
-2.4258831962163736,0.19863072289156627,184.74276652000003,0
-2.1045541604604603,-0.4517561013148754,2.8143662499999995,1
-1.2197634563683935,-0.07959512709028152,0.7333184899999999,1
-2.085862028967464,0.03724808743169392,38.34312336,0
-3.5972119006246754,0.14726555555555557,15.530892660000001,0
-0.9349639716685592,-0.10332094417640934,0.56271358,1
-3.7853899139662426,0.2834457516339869,23.795842500000003,0
-3.7898049302261185,0.2437932515337424,21.17469258,0
-2.1210971335458364,-0.3717582207847379,3.03846983,1
-1.0621839031277434,-0.13569485286763094,0.55457194,1
-3.742279808900212,0.20093928571428574,17.41347546,0
-1.7087058588746593,0.03134444444444449,33.67704813,0
-3.324236062748288,0.0822254143646409,14.822848799999997,0
-1.5086879641260018,0.10502350068558927,6.63969404,1
-1.9768848811525803,4.250452352231606,5.3905308000000005,1
-0.18632956614330073,0.003341322314049639,0.15562499999999999,0
-1.8269721628333977,-0.41546260351495634,4.58230328,1
-3.506557563986704,0.11365913978494627,14.442998999999999,0
-2.7693936718536416,0.041634653465346554,11.606553750000002,0
-1.7620064528375907,-0.9385824729451845,3.00332489,1
-2.225623959265329,-1.1868746859153,3.2998536,1
-2.0915140419424487,-0.6153431561773939,2.49933125,1
-1.7226065545486986,-0.4864016282491143,1.3461975,1
-1.15043200580233,0.007103797468354484,6.42495,0
-2.101278154522865,-0.3000723252873901,2.54129616,1
-2.801811416172052,-0.5181340096141173,6.293831249999999,1
-0.9467499135856681,-0.11718276321015444,0.43487040000000005,1
-2.4745602389690173,-0.8141142823592866,5.452303639999999,1
-0.9336912211155031,0.006682127659574481,1.69359273,0
-0.008334626706362962,0.006800404858299583,0.0041651399999999995,0
-0.5010403065268201,-0.1391407598135425,0.22721249999999998,1
-0.9771028447034315,0.009765454545454588,17.99974912,0
-3.630610168631541,0.16737848837209296,17.4425226,0
-2.468639559260381,-1.1868805673879106,5.23163949,1
-2.4793221521623647,-1.6212869634870837,4.45746446,1
-2.5257285193082635,-2.1517557223884434,3.9073360000000004,1
-1.5735882113011375,-0.184220711221353,1.14015,1
-0.8187103808595544,0.007546382978723444,1.2623624999999998,0
-1.7969729759673134,-0.6409030510715943,2.93189114,1
-2.3957973649467466,0.09282134146341466,57.206245,0
-3.470547138253592,0.0762755319148936,21.85137626,0
-2.7000818826435204,-0.5665445035186428,8.122242239999999,1
-2.553613719263095,0.028026905829596414,5.370145,0
-2.5083798831235273,0.039472499999999966,7.88800188,0
-3.6651625368716965,0.15700186335403724,20.098027520000002,0
-1.5673366884768276,-0.06640051603005523,1.110795,1
-2.4662810678792124,-2.732916926920675,5.10072408,1
-4.219907104925569,0.2450349397590362,36.02271603,0
-2.4889145507036186,-0.8936251627023336,6.0890875,1
-3.8873299050330155,0.16911497005988022,22.775842349999998,0
-2.2798455082728504,0.009655844155844183,5.84601534,0
-3.5543482115060416,0.08331968085106378,22.8938281,0
-1.3333224384175186,0.01405525114155254,4.01220288,0
-1.737839570388143,-0.32009442077256994,2.59598497,1
-0.440677848326308,0.06543279341402185,11.84758188,1
-2.3187143732979183,0.09241705882352946,43.64490672,0
-2.547207548271467,-0.5150383951206966,4.47093,1
-1.86756111791942,-0.9316069853957853,26.0834625,1
-1.668126855760512,0.3067163906255713,17.25533462,1
-3.6769504879918236,0.1022338541666666,18.05144374,0
-2.669310228486146,0.030380000000000056,10.80473625,0
-0.514499012404297,0.006924793388429791,0.62272826,0
-2.6464847044003417,0.0651661375661375,15.242315970000002,0
-1.0767529249638812,-0.3086682440112133,0.59196625,1
-3.0747752644442508,0.7268744885257853,9.786509039999999,1
-1.5798790616488678,-0.6772168005296946,1.2574652,1
-2.345492489621194,-0.5726221903272932,3.149425,1
-1.4709811257520398,0.826913157966175,28.91923,1
-1.3220058337281522,-0.1876288721979878,0.9353127800000001,1
-1.284098812691101,0.40335590702872803,20.20794048,1
-2.0272285943027604,-0.8407719610565311,11.561613750000001,1
-3.2441933764422672,-1.7756495374078711,9.503325,1
-0.30992766776583547,-0.03850145835841882,0.11611305000000001,1
-2.552329197735738,-0.3798633119380775,3.76094968,1
-0.45665312908978595,-0.03135639842707618,0.18735972,1
-1.3455363302452659,-0.1678902498606385,0.9613186800000001,1
-2.263364283686923,-0.6345005901298285,3.7375,1
-0.8655975937943786,0.1090851726102741,14.66488,1
-2.4651039048447685,-4.156771367322211,4.1299375000000005,1
-3.506557563986704,0.10632240437158466,14.870127,0
-0.922560319730518,-0.07226113721107734,0.3991695,1
-2.632478875173087,-1.3354135600627133,4.2726575,0
-2.6436678015259756,-0.800394015421261,6.242878619999999,1
-2.818423091079407,-0.442786910319813,6.02895375,1
-3.3022571620681584,0.09016393442622951,13.850294559999998,0
-0.6189677638155918,0.004340329218106983,2.67456795,0
-0.14931239157665271,0.00885201612903227,0.06459749999999999,0
-3.835061501329162,0.22268050314465418,30.748230720000002,0
-1.3023208905654855,0.09745097315670151,6.226509999999999,1
-3.0037642436383725,0.18951446540880504,15.368356639999998,0
-3.042823671444258,0.054278095238095285,9.78943284,0
-3.7009516304899877,0.12016136363636369,19.2159825,0
-3.9271361356241097,0.21075266272189347,30.873020479999997,0
-2.299589484313355,0.06342041884816758,23.20315125,0
-1.2794149635474321,-0.1279884720485899,1.07685656,1
-2.322787698270754,-53.00900423728813,4.0637366,1
-0.7064350546193495,-0.05970994831424173,0.259035,1
-3.2114035618905725,0.17920449438202252,10.1556,0
-2.733367855240358,-4.896910028766988,5.4302105,1
-2.983803505060278,0.22329873417721527,59.722552560000004,0
-1.212677211331335,-0.12371674983461692,0.66046592,1
-1.2289487562197636,-1.613558456713588,7.074833920000001,1
-3.533586227242206,0.12015464480874322,16.68853,0
-2.9206246155384457,-3.317825629296565,6.91783862,1
-0.008334626706362962,0.027245391840609878,0.0041651399999999995,1
-1.6144504040063896,-0.15396742080315048,1.4386108,1
-3.713171736846999,0.14050999999999994,23.204807480000003,0
-3.6458195815118,0.31714640522875825,18.21301065,0
-3.709081753268274,0.13849822485207108,23.1666904,0
-1.3015855964417427,-0.16531767279845697,1.11446718,1
-3.184474156605004,-2.1312210863234484,11.829015,1
-1.0864860792318582,0.012905485232067564,2.6626595799999997,0
-2.5704644074307015,0.06298258426966298,52.417165049999994,0
-2.7870932461050137,-0.31528549730040706,5.319418720000001,1
-2.015903445800776,0.675361244905521,7.333219440000001,1
-2.554899892908415,-2.50183324778177,4.3324199100000005,1
-1.6059439733542356,84.68421052631585,7.70772294,1
-3.5791282317319424,0.169312101910828,21.040090290000002,0
-3.7898049302261185,0.15297241379310342,20.36608492,0
-2.8682187771987087,0.05409849246231159,32.29174856,0
-1.680933860433479,0.011003829787234083,5.31213704,0
-3.66126389797598,0.12848378378378375,17.98924956,0
-2.7181003854405716,-27.327157704473564,8.2348728,1
-2.1261138660559733,0.018562820512820568,6.42480606,0
-2.3075975343150823,-0.20813865077701438,3.0616946000000005,1
-3.657380399457741,0.14701704545454544,21.80691336,0
-2.698594893743056,-4.960260043340558,10.38523125,1
-3.9580664203694806,0.18065287356321846,23.79541985,0
-2.4841068497133665,-0.27419705593424964,5.10164472,1
-3.2089252464903106,0.07249589743589739,35.982765,0
-3.5199805798143413,0.15897023809523805,19.93066568,0
-3.5899391439402577,0.2705393548387098,14.12061816,0
-1.319009576917137,-7.150997559925367,20.40708558,1
-3.6008682104909235,0.16013654822335022,16.231441590000003,0
-3.8873299050330155,0.1584426900584796,27.22929515,0
-1.0356374613377077,-0.44524147235677947,0.5265715,1
-3.5543482115060416,0.08732399999999998,18.523982619999998,0
-0.89967944148081,0.07914865674226625,9.93027189,1
-1.8451601826640331,1.7501220703124993,24.1140864,1
-3.5267602645015046,0.11662971428571431,29.659822499999997,0
-1.8924641069926889,0.01716321243523316,15.08255331,0
-2.5408421552147584,1.9449612677301833,24.745169999999998,1
-2.276917248779586,0.03303494623655911,29.37138408,0
-0.7009777395179078,0.004886831275720165,1.1431136199999998,0
-2.6091101173777504,0.08458214285714288,18.476978239999998,0
-1.0993125037614888,0.00961428571428574,1.4712027699999999,0
-3.0747752644442508,0.052949282296650656,12.14136,0
-3.1748587002170052,0.06827812499999997,8.220492499999999,0
-2.880619288200383,0.039471904761904715,6.54803688,0
-3.079113665101761,0.06631853932584268,15.3958182,0
-1.1551826084104728,-0.450075640514809,4.0989375,1
-3.863232365068351,0.2782258064516129,21.0371007,0
-1.6544352260635822,-0.5678424533767776,2.65768,1
-1.9973086384493488,0.015207692307692361,3.6356336899999997,0
-2.5071521360359412,-0.7882131444857069,4.56467645,1
-2.686777918983803,-2.9169229243130643,14.028599999999999,1
-0.47128443312495183,-3.467058992392711,21.39707664,1
-3.619353018331067,0.29644117647058826,17.37600244,0
-2.0379157181053698,1.7933146158854174,5.932454760000001,1
-0.2798461734547429,0.02003608500022274,1.36379478,1
-0.991283683968671,0.007762231759656707,7.98020862,0
-2.8967921445396834,0.08919644970414195,55.92909816,0
-3.6690764346609708,0.28231059602649,18.87467415,0
-3.324236062748288,0.0721975124378109,12.6738,0
-0.8570788486796326,-0.06828502270499509,0.59237752,1
-3.3667956650897923,0.19390000000000002,12.792168750000002,0
-2.9355781624103443,0.036733653846153874,16.90128927,0
-2.360214099898484,-0.9265183768330557,3.186,1
-1.0700248026616785,-0.13461907838446643,0.5559344,1
-1.2772605642277632,-0.1232355156797164,0.84219904,1
-2.9022417483173064,0.03231047619047621,12.250935,0
-1.5223431597536534,-0.10349801175154537,1.2164650000000001,1
-3.363901307901159,-2.3761395443386344,11.78908846,1
-1.9689740170206298,-0.1323528006802266,1.8531900000000001,1
-3.8304425576063363,0.16538644067796615,22.94675397,0
-2.312635327837451,-3.1755586897843053,3.5672967,1
-1.8024159887737718,-0.6608311891737357,1.7410636699999997,1
-2.5587683691874976,-0.8911323387314585,3.9683599199999997,1
-0.3969018625755766,0.21113828786453467,4.774039999999999,1
-1.7498500086134476,-0.24174576900989767,1.7220625400000003,1
-2.9469419189083865,0.03881601941747579,16.46312325,0
-2.6310890210772024,-0.7790755283224091,5.4543023999999996,1
-3.299543456932982,0.11504821428571432,11.48174127,0
-0.5158381488391163,0.004671428571428545,0.253725,0
-2.444148542108466,-0.22197156247517674,6.48251044,1
-0.4692039330879611,0.0017655999999999495,0.2162979,0
-3.4737677519163976,0.35684771241830066,13.2320927,0
-0.6067859965666441,0.006864435146443541,1.8192712500000001,0
-3.0159347767898987,-0.7840878198179598,8.6597308,1
-2.193730598395869,-0.498547650347236,3.86161295,1
-2.2985929721229197,0.020126905829596455,5.58266168,0
-3.9020721795255957,0.33357785234899334,21.92423968,0
-1.3280254152600666,0.01702547169811318,36.237637,0
-3.189316779908239,0.0938620689655172,30.596665,0
-2.4817116392742635,-1.541859966622265,4.32212,1
-0.14931239157665271,0.0024672064777327683,0.06459749999999999,0
-3.5233646766533697,0.08088350515463912,14.2014239,0
-3.218875574868232,0.06251874999999994,11.100999999999999,0
-1.825729926725964,-0.821804888187898,6.1311921300000005,1
-2.5587683691874976,-6.451170597104087,4.436312579999999,1
-2.172434320732692,0.0822012422360248,67.87065227,0
-0.636766828220246,0.3301684682052776,12.9582782,1
-2.4453012798553937,-3.301240329117033,13.45981086,1
-4.011842788224322,0.20133942857142853,27.844589310000003,0
-2.924342091247596,0.11883726708074537,46.969376249999996,0
-3.6690764346609708,0.12465277777777778,32.71161675,0
-3.4867549432264697,0.22684,20.65040694,0
-1.5558970981127067,0.2445002132538834,18.998798700000002,1
-1.3567355200433955,0.05324219653179196,168.51981925,0
-0.27865624803093786,0.006290763052208785,0.10723856,0
-1.8078887901823306,-0.4268671045019041,1.6823612000000001,1
-3.863232365068351,0.17680127388535033,27.913200000000003,0
-2.496169720707495,-0.657936086982049,4.24566,1
-3.630610168631541,0.21974575163398702,23.98868245,0
-3.6343908900420594,0.10571139896373055,21.49719,0
-2.3217678104740256,-0.2505319515857728,3.6877457700000007,0
-2.845589443007247,0.049764062499999984,15.583384460000001,0
-1.0308601585825286,-0.25966839503040967,3.3306862500000003,1
-0.9768372051817642,0.012489686098654723,6.0820563,0
-3.40520510185492,0.15730838709677422,26.54326056,0
-1.2255369481818315,-0.16275087949580402,0.6606000000000001,1
-1.952632624343979,0.018083928571428615,5.0835675,0
-2.5145413313083043,-0.18209522787299373,4.86916875,1
-1.8825597678515313,-0.6936615786354227,2.12763424,1
-0.855901408326422,0.014204545454545454,32.05339375,0
-3.2339892088711744,0.08557663043478268,18.771472019999997,0
-2.8404392179150935,-0.5800273656858471,5.37742528,1
-0.7958445566351676,0.11093982668932006,11.65977504,1
-2.142168286409269,-0.5949836639874778,3.59488192,1
-3.7255430235478544,0.31837225806451613,21.4604475,0
-2.843869752423454,6.46335994750082,17.39695194,1
-1.6014696931817503,-0.1450491896772967,1.27512,1
-3.042823671444258,0.10615120481927719,11.86557534,0
-2.7226562012845825,-1.3485362146996442,6.137746559999999,1
-3.9271361356241097,0.1889081395348837,30.69810024,0
-0.32767106679081975,0.006831799163179929,3.27570348,0
-2.793607926065177,-9.65372135469479,6.105972959999999,1
-1.2385642145889995,0.25138350168014406,7.315044660000001,1
-3.742279808900212,0.16291352941176473,30.45756204,0
-1.8991219207562895,-0.6687865890266956,1.84568124,1
-2.8217787983633404,-1.5587738048970075,6.48798115,1
-3.352406931778478,0.13019374999999994,11.8508565,0
-0.9802960351976159,-0.05646858102458952,0.78949584,1
-2.7165863808385775,-2.2490956482096314,6.6397450000000005,1
-2.4224952769270383,0.039596097560975596,6.94372871,0
-1.319009576917137,-0.24497710853915264,0.7119525000000001,1
-1.5019296598153586,-0.16603014829513763,1.8678962499999998,1
-3.742279808900212,0.19411625000000007,21.86226408,0
-3.2570967779481723,0.10142758620689661,13.669586699999998,0
-3.9271361356241097,0.3239142857142857,23.184275959999997,0
-1.984858826413687,-0.3737778746277331,2.5648045799999997,1
-2.147292122971576,0.13170534759358282,89.99293999999999,0
-3.001750144672331,0.1120383116883116,24.7145675,0
-2.2956093799527597,0.027380660377358475,8.43236625,0
-3.1748587002170052,0.08007802197802193,9.9395175,0
-1.5611240045138168,0.014025431034482705,3.01118342,0
-2.7211352886751934,-0.6124211765965419,6.6156438600000005,1
-2.5849478713422407,-0.64836014376889,4.84978832,1
-0.6211986626357849,-0.05529123880357877,0.32909625000000003,1
-0.9403272840942021,0.008541908713692998,2.2649,0
-2.534517024237938,18.379098719971942,6.54853056,1
-3.9899840063574636,0.14761142857142853,28.657043899999998,0
-2.0091694141232916,-0.2721342952309511,2.9680755299999997,1
-0.31731686384709457,0.024754475901546804,1.08909198,1
-1.2358074934343928,-0.0894539440360554,0.9698775000000001,1
-3.270168856097891,0.10124207650273222,12.491074999999999,0
-2.058854829701545,-0.39914168274357814,2.70087092,1
-2.0032214416394454,0.42606930933315684,13.639509669999999,1
-3.042823671444258,0.04909607843137258,10.184546249999999,0
-3.4112474144853997,0.08729619565217392,19.2403761,0
-0.9454620834344095,0.10674978925287694,10.1301375,1
-0.7830718662060945,0.7524318205935405,6.8150125,1
-1.9477117008757168,-0.3398749329425988,2.05818858,1
-2.8217787983633404,-1.115147381915339,5.39665,1
-3.5267602645015046,0.17539058823529405,14.04205152,0
-2.6564068255002393,-1.003444122407498,4.466475,1
-2.5652492724315357,-2.881141902161777,6.290742979999999,1
-3.4737677519163976,0.24456209150326802,15.204855199999999,0
-2.713565230960769,-0.9400656814449916,6.315075,1
-2.9299443457500876,-2.021608061841907,6.19017072,1
-0.8472311726108829,-0.17534751812682484,0.6161125,1
-2.793607926065177,-1.1983391097867189,6.80544,1
-3.9528444791152033,0.15411724137931027,26.664478079999995,0
-0.19942701248986242,0.007100809716599139,0.10919936000000001,0
-1.209990843116959,0.009749586776859479,1.6835775600000003,0
-2.322787698270754,-3.6661683229267434,3.7958634,1
-2.739540713394831,-1.8269673662712382,8.55680618,1
-2.6036900506428413,0.023715111111111152,10.7340108,0
-0.49610121194455076,0.008525726141078825,0.26639375,0
-3.5439133378430494,0.1954135483870967,15.512077889999999,0
-3.3932289143939753,0.08151818181818185,16.08837888,0
-1.2880792773647782,-0.06984586188171941,0.8676116399999999,1
-0.9899372451317974,-0.2040168653474455,0.41496572,1
-2.6606894866808664,-2.303923257466463,6.08596233,1
-1.5403783298390512,0.01657429906542053,9.91047494,0
-3.426514881954185,0.08934224598930478,25.823820750000003,0
-3.0323960504567244,0.09498152173913038,10.831542559999999,0
-1.150116099949629,0.014096618357487954,17.039665279999998,0
-3.363901307901159,0.1801913978494624,13.818378459999998,0
-2.4258831962163736,0.048215196078431416,11.197336280000002,0
-3.76792222855405,0.14887640449438203,27.629043749999997,0
-0.8449007125100151,1.0101327613623765,1.42842,1
-1.4709811257520398,0.22887036427674823,17.46007125,1
-1.7731339462120768,-0.21536645370504237,1.55720184,1
-2.8647038357090056,0.05780099009900995,23.2462644,0
-0.6375232578940521,0.014221645021645036,8.11178988,0
-3.863232365068351,0.26310858895705513,23.5066125,0
-2.3217678104740256,0.11166158536585366,62.47008,0
-2.2358613674057723,0.02645700483091783,17.642508749999998,0
-1.9449105787921623,-0.36600269665135,2.4244505999999997,1
-1.162830829004998,-0.1930566625311388,0.76455708,1
-1.5250967180444683,-0.5405836224514043,1.18411392,1
-2.7551416514033686,0.0415213197969543,8.28283788,0
-1.6607311541900733,0.17011007151880572,10.755577,1
-3.007804652359131,-3.3253486090326163,7.44869502,1
-1.4430763328818734,0.15454152091294387,7.81822,1
-2.933696694664631,-0.8284167753737274,8.45835844,1
-3.513246549900365,0.18303540372670815,16.32928548,0
-3.49991302347554,0.08678641304347832,19.0852675,0
-3.9580664203694806,0.15706369047619043,39.49172153999999,0
-3.030323511284294,0.9506694174027039,8.615111610000001,1
-2.826833568173272,0.038149999999999955,9.39084864,0
-3.6848870344381037,0.14081693989071034,20.24210082,0
-1.9604147642354703,-0.280798364107727,2.0363200000000004,1
-2.4841068497133665,2.558263244914096,7.13626278,1
-3.7507544323001993,0.3233190789473684,17.33164245,0
-2.24715029149857,-0.8264872927207324,3.43612731,1
-3.007804652359131,0.10127591623036655,6.9116775,0
-0.9702190475144867,-0.08593336720863679,0.5005832,1
-0.3601093920525048,-0.05548794197792398,0.14531008,1
-2.8387283538041697,-0.8351397699480281,7.293001950000001,1
-3.241632556236374,0.07802461538461537,11.094625,0
-2.737993922915789,-1.0711823509134781,5.077869509999999,1
-1.3463046744717575,-0.1746058169761456,1.00286284,1
-2.9004219119315007,0.5056345277729104,7.3814565000000005,1
-2.047942797101088,0.02550238095238098,9.4965543,0
-0.6451191924872214,0.047165197023973635,8.2296625,1
-2.1533033041456506,0.019748148148148178,7.4434612499999995,0
-2.4090572262698635,-3.4264356696860436,6.16077508,1
-3.4545978419336243,0.11733089005235604,11.878440000000001,0
-1.5380478697924937,-0.23430331004287233,1.4463128399999998,1
-3.231454353910536,0.08433190184049087,15.150884650000002,0
-2.4973840497924376,-1.345546913178042,5.20684941,1
-3.746508143221849,0.18486628571428565,21.45839912,0
-1.169571345402485,-0.3597148655117162,15.7811625,1
-2.8117452710516377,-1.5496390011553736,5.44180859,0
-1.1960046016079766,-0.1501286139914751,0.68796,1
-3.4142823172594894,0.21891361256544503,15.08766693,0
-2.709050551285655,1.8469735853780673,6.112494720000001,1
-2.2154902944840877,-0.3918948738330529,2.94479447,1
-2.4168741272885566,-0.8581007582231804,4.293865,1
-2.552329197735738,-0.7190310170242638,4.33740968,1
-1.1940224404694681,0.013460810810810854,14.7119226,0
-2.5257285193082635,0.03932897727272724,14.693336,0
-3.6928870739051303,0.14028850574712645,34.23584415,0
-0.21678877325538468,0.028789389894134473,2.20396125,1
-3.94248169744907,0.19627808988764045,24.36074296,0
-2.9488484968154642,-0.2868636855949249,7.68140508,1
-2.8404392179150935,-1.5145066102749842,6.46877528,1
-1.5209692186799029,0.028147368421052647,33.89937915,0
-3.3667956650897923,0.07669899999999999,17.055216450000003,0
-2.171556742868347,-0.2741446462168564,2.3712,1
-1.8957874730742088,-0.35366057419190045,2.28930334,1
-1.459295210975122,0.013525416666666719,2.1003149999999997,0
-2.8167494508014848,0.1033435233160622,17.69980134,0
-3.66126389797598,0.18376540880503153,17.39365206,0
-0.6422639512375824,-0.192239764573121,0.22580212000000002,1
-1.8263508518858746,0.01880086956521735,4.018286300000001,0
-1.8263508518858746,-1.2395618023976844,30.7154512,1
-3.239078277083712,-1.3308499079802212,9.750184639999999,1
-3.759301489226025,0.22275779220779218,19.05163178,0
-3.8873299050330155,0.16720056179775275,23.36973965,0
-1.692819467025327,0.22757621361711244,22.9486272,1
-2.1447269229813726,-1.8618917381009197,21.821585,1
-2.496169720707495,0.43982188986028947,9.17661608,1
-1.7350010787201053,-0.12532895249783765,1.642725,1
-3.630610168631541,0.08603499999999997,16.468205049999998,0
-3.763602569275483,0.18420542168674703,20.280859999999997,0
-2.7060520487389494,-0.8796322305423092,5.35680556,1
-3.9580664203694806,0.1988186746987951,33.18362757,0
-1.4283670958229842,-0.11832019553800671,1.00273701,1
-0.8670244667730459,-0.17251177318774036,0.39742516,1
-3.1748587002170052,0.09634692737430174,16.74368806,0
-3.3991990795983296,0.07752732240437159,21.746462779999998,0
-3.564893120976117,0.11923139534883723,15.98065625,0
-3.780994304425347,0.19627044025157228,25.22221956,0
-0.2707593921462768,0.008114227642276475,0.10488500000000002,0
-3.262305121698965,-1.7926552312377686,14.3002625,1
-3.0512447720677818,0.06083776595744681,19.28342009,0
-3.6045379380331943,0.12011202185792354,18.01013728,0
-2.6063964118743645,-0.5824108643916072,4.034092500000001,1
-3.759301489226025,0.14827151515151513,22.97506053,0
-1.8991219207562895,-0.38800686189399475,2.00847999,1
-3.1281212332892605,0.056369801980197975,9.610815,0
-1.923463891779216,5.426787525354969,3.05227737,1
-0.7522604238345442,0.05838252994784213,7.75486446,1
-3.839701878732349,0.448266386554622,21.46927435,0
-3.615628620627201,0.1703561728395062,18.153801249999997,0
-2.4545713335774986,-0.6657765305533793,5.76854578,1
-1.152013033749656,-0.10787751801911673,0.7004772,1
-3.3270177049364107,0.1942188571428572,13.971680469999999,0
-2.933696694664631,0.050857560975609804,14.410326559999998,0
-2.3687247886609897,-0.6891740806673531,3.3356700000000004,1
9.999999889225291e-09,0.017459525180776817,0.0,1
-3.4609470675966425,0.0783163043478261,21.80363876,0
-3.096657970905038,0.09667368421052638,16.83681468,0
-3.9528444791152033,0.22470361445783138,20.555600639999998,0
-0.387281422944826,0.2679815412864725,0.30265361999999996,1
-1.0584304702168346,-0.04575603445741328,0.6000324,1
-0.7046126384385945,0.008351882845188337,1.6620837499999999,0
-2.566550508620186,-0.7715534803491503,5.76192,1
-2.98182917114636,-0.8129057163115855,7.20256875,1
-2.3559857642359345,6.024479392103113,17.13707184,1
-1.5403783298390512,-0.14384757354085004,1.1616774399999998,1
-3.593568910673314,0.2429735849056604,15.058771749999998,0
-3.231454353910536,0.25104148148148153,10.84604035,0
-1.2269002748632292,-0.07855106788300335,0.8832650000000001,1
-2.9450389691244223,-1.303750724255026,6.59450408,1
-2.5446565268052472,-0.668787365951508,4.13204375,1
-3.593568910673314,0.16679936305732485,16.6637405,0
-1.8078887901823306,-0.1354882601262951,1.6892000000000003,1
-4.034190074430762,0.3351512987012988,23.644468890000002,0
-3.6848870344381037,0.12764078212290506,21.10795042,0
-2.968116911968507,-0.401458607428398,7.276954999999999,1
-3.738069278136729,0.28342026143790855,20.01441246,0
-1.0481092779724706,-0.07620171222141624,0.50689748,1
-2.324830599691882,-0.8368208748266733,5.57949,1
-0.766578437121937,0.08486122290790928,5.33514118,1
-1.9812264216665674,-0.07234938846432545,1.8582025,1
-2.5383072999328453,-4.188034508627157,5.1136068,1
-3.1653348209733743,-3.214693461321038,9.26571474,1
-2.469820894166657,0.036612272727272716,6.032335319999999,0
-2.2154902944840877,-0.8366455685632693,2.84796822,1
-2.7030625103374506,-1.4984707889972442,5.1215939,1
-3.6769504879918236,0.27936000000000005,21.525558779999997,0
-3.022076043554805,0.057397607655502454,8.83641046,0
-3.201526940833372,0.05083891625615765,17.40654344,0
-3.7255430235478544,0.2557052631578947,26.202124910000002,0
-1.8805906173609024,1.0633238345241942,6.45582825,1
-1.9899664620993465,0.4227912122648966,16.17274461,1
-1.7573579845397098,0.010469369369369326,5.3439119999999996,0
-3.6381859595703534,0.11075129533678757,17.74625375,0
-2.808423009411532,-1.73019781994348,8.94575826,0
-3.839701878732349,0.33542066115702485,24.090573699999997,0
-2.968116911968507,-1.8299436480111604,6.752675,1
-3.803168152085671,0.1723805882352941,27.45083616,0
-2.3687247886609897,-1.4973028941699094,3.3181200000000004,0
-2.828524185365361,-4.865142346989385,5.404446780000001,1
-3.547379544618075,0.14438975903614465,18.60600096,0
-3.092242953670542,-3.378317624324644,8.47523568,1
-3.4802402643273362,0.2923464968152867,18.00401372,0
-0.6955500451281403,-0.08670667255126488,0.39071004000000004,1
-0.5962019563513516,0.04683182878276019,4.24424378,1
-0.859910374808558,-0.04814791372312018,0.35443,1
-2.350725363390192,-1.6944792823306678,3.7270209899999998,1
-3.6769504879918236,0.0980611398963731,26.667151280000002,0
-2.3136459392412414,0.05063650793650795,26.226628369999997,0
-0.8648849200669269,-0.09613199474160919,0.36669387999999997,1
-2.518256505400083,-0.7030954805059046,6.515841020000001,1
-2.291645054043748,0.04404824120603018,40.18936299,0
-3.2039869660690616,0.12062857142857146,20.702447499999998,0
9.999999889225291e-09,0.0014433734939758784,0.0,0
-0.785043173339466,0.008129279279279264,6.3720818800000005,0
-2.8629509871888392,-1.536644966964633,6.240790179999999,0
-2.8200995371256123,-0.8989823714267728,8.849360319999999,1
-2.3816281921093965,-3.9736633270508883,4.40016192,1
-3.184474156605004,0.05798088235294121,13.894187760000001,0
-0.5315386483480483,0.08978308063110023,4.096739159999999,1
-3.3843399696105254,0.110901724137931,13.63994976,0
-3.8212681855387816,0.1775954838709677,27.42272667,0
-2.9299443457500876,-26.539400028706766,7.013422500000001,1
-2.654983337918017,-0.8805439761487994,5.579767240000001,1
-2.4769383610912117,-0.3190697023869364,3.8241,1
-1.8714521731600475,2.517672840378905,22.45080888,1
-1.2837377366937162,-0.14056179317489975,1.2291875,1
-1.5469326601122957,-0.1798943999081222,1.1718441800000001,1
-1.29098414495193,0.20869825265946107,18.975,1
-0.8130574546845888,0.11801208573828684,8.361837699999999,1
-2.3580976972160648,-0.37368331115966263,3.4260998200000006,1
-2.3136459392412414,-1.954124613107254,16.987311249999998,1
-0.3149847412774056,0.003327572016460957,0.20376016,0
-3.844363889664721,0.17243273809523818,22.602322619999995,0
-3.839701878732349,0.2883900662251655,23.081056249999996,0
-2.725704983669187,-1.3228171386461736,6.2686251,0
-3.568432946428203,0.15129573170731708,29.193110939999997,0
-3.742279808900212,0.2647568627450981,19.02112704,0
-3.1010925669896197,0.07504999999999996,12.807935999999998,0
-2.353878282118444,-1.695754327355495,3.589024,1
-3.746508143221849,0.23683821656050963,18.49423676,0
-1.5357228281650024,-0.5636674597032324,1.5779767599999999,1
-1.0070363178061401,-0.10210996916845151,0.54184949,1
-2.238671673441767,-0.7585373509102322,2.92039228,0
-3.6769504879918236,0.20667378048780483,18.773758739999998,0
-2.208184326580755,-0.24778238535419966,2.48969658,1
-2.9150741860347087,-0.4728405197753856,7.258735000000001,1
-1.533403179818901,0.07551398963730566,124.26933636,0
-3.3298071062459127,0.14589360465116286,14.20797822,0
9.999999889225291e-09,0.020037115249248137,0.0,1
-3.8537536256061684,0.2553314465408805,28.818046159999998,0
-2.6091101173777504,-2.8258517131532233,5.70369088,1
-2.3299561870152603,-0.7300067339109804,6.6480225,1
-3.2114035618905725,0.07434462365591402,11.37820125,0
-1.500135132720702,0.015153448275862095,3.6588399999999996,0
-1.1737669299273443,-0.04307494890927238,0.66221364,1
-2.5332567847844705,-3.1447290727037456,4.8146175,1
-2.728763089560407,11.19269776876268,6.464158009999999,1
-1.474033231759776,-0.08742458354201088,1.0906125,1
-1.374365750728926,-0.08691225395637327,1.0773499,1
-1.9358607439022448,0.48693400382524205,6.57527481,1
-3.3382223008106657,0.08814835164835168,14.06480535,0
-2.7105531809444,-0.7428559079678148,5.04818125,1
-2.15589062748746,-0.2745598755461139,2.69573136,1
-0.7920839063400397,-0.09083173639230918,0.38872407,1
-2.9113909412967276,-0.38617803218042285,6.81722848,1
-2.2595255077481626,0.1400957202752946,9.653085,1
-3.3382223008106657,0.07118706467661698,26.6180491,0
-2.669310228486146,-0.8850306735410709,6.50986875,1
-3.746508143221849,0.1770183333333334,18.721386759999998,0
-3.8490477367833,0.11289479166666672,19.33667037,0
-3.6730057112569363,0.08946141304347831,23.91208832,0
-2.4499255650179066,0.02099383259911897,7.2844362899999995,0
-2.8542325376691955,1.4917129801160927,6.373918079999999,1
-2.6408588113094424,-2.062731204439125,5.72093375,1
-2.855970157265804,-0.32397074644545326,7.4805085,1
-3.5543482115060416,0.14080760233918133,21.52328464,0
-2.6882474267472176,0.03871315789473687,19.648314400000004,0
-2.3106171638848636,-0.41707345901542464,3.24673664,1
-2.047942797101088,0.023455813953488402,5.7018,0
-2.968116911968507,0.07897228915662646,14.096665880000002,0
-1.0755795602406215,-0.09662630309795549,0.60688512,1
-1.4167535273674867,0.022612206572769893,10.14559375,0
-1.7573579845397098,-0.24538932845853864,2.1231817499999996,1
-2.4349741668845466,0.0647264248704663,27.505305,0
-2.299589484313355,-3.8800962206130345,3.50339876,1
-3.32146213663503,0.1636177215189873,30.1155225,0
-4.0983519812101825,0.1819097701149425,26.56318388,0
-0.6426441793718167,-0.055266696802967176,0.23229003,1
-2.828524185365361,-2.8716641403702168,6.39856197,1
-0.606419158711592,0.09801073361128379,8.48623125,1
-3.835061501329162,0.33444671052631586,21.24369072,0
-3.137295607461058,0.15178235294117648,17.24462978,0
-4.039855808756374,0.31321463414634143,25.301175680000004,0
-3.313186229614205,0.08441091954022989,19.662064240000003,0
-2.1874721967669855,-0.4802499536632509,3.2266812599999994,1
-3.6381859595703534,0.23496071428571424,19.317678750000002,0
-2.293625252514551,0.19852941176470587,62.029960030000005,0
-1.9193655256668776,0.9007286618796646,27.792315,1
-2.486507810962674,0.03669556650246301,13.013869439999999,0
-2.4057257410488204,-1.8898353557365506,4.445353659999999,1
-2.7551416514033686,-1.5019676761059049,6.443475,1
-2.6521424273199528,-1.0613655369177037,5.55246015,0
-2.135377089407774,0.1120175204393099,5.69625894,1
-4.051284498049175,0.20804235294117646,37.606183259999995,0
-2.625548841468929,0.023437272727272786,7.526284080000001,0
-2.0996441673647057,-0.43968961318507493,2.4433605,1
-1.4401171256054945,0.30235260946407816,18.53050752,1
-3.1559007909650556,0.07553542857142864,36.41483358,0
-2.365524786271653,-1.192810982218119,3.6167181299999998,1
-2.2321265361488436,0.03897925531914897,15.86475566,0
-2.1045541604604603,-0.5703329281410421,11.50330073,1
-0.5198663516001109,-0.061748585283200756,0.19818017999999998,1
-2.713565230960769,0.038318571428571396,8.87176875,0
-3.2138880346009735,0.0873293103448276,15.7046325,0
-1.741827043402222,-0.22939277271939434,1.7717100000000001,1
-0.19091839191586596,0.025524837236961966,3.1292325,1
-3.4802402643273362,0.1610343195266272,14.67389,0
-2.459238786080365,0.11831931818181812,15.077215350000001,0
-2.21365879230834,-0.571050685647984,4.34877375,1
-3.2728039030415483,0.0945094444444444,21.562416680000002,0
-2.4817116392742635,-0.8915825985648845,5.1932988799999995,1
-3.007804652359131,0.05554385026737963,7.347222479999999,0
-3.6651625368716965,1.241869387755102,18.05056,0
-0.1547842021268062,0.09804024274351064,2.24146522,1
-1.9207297822656317,3.0575605002436266,31.5005472,1
-0.62436764649447,0.03514946317993495,2.47490048,1
-3.7898049302261185,0.2197642857142858,19.34964766,0
-3.803168152085671,0.2770313333333333,20.94044259,0
-1.2975511146822816,0.01967207207207206,13.99693756,0
-0.45145667625317343,-0.14591880083157008,0.17241836,1
-3.2675407343823246,0.07674886363636366,41.398191270000005,0
-0.550259675674366,-0.1021423188717839,0.24514,0
-0.3021867451265242,0.005145381526104468,0.11398464,0
-2.6464847044003417,0.04590362694300515,8.74640125,0
-1.6450650382637813,-0.30896986942062515,1.7185105999999999,1
-1.923463891779216,-0.4008749326548032,3.5435386200000005,1
-3.8537536256061684,0.23651741935483872,25.233034999999997,0
-3.024131542314393,0.09379534883720932,22.487827499999998,0
-0.6614547144513657,-0.0742959719502156,0.24297988,1
-2.557477213590586,-116.30932203389833,5.456,1
-0.729188931173228,-0.05892205286688175,0.28735434,1
9.999999889225291e-09,0.03449268008150389,0.0,1
-0.07590958331169978,0.02977124966976493,0.231725,1
-1.984131289148241,0.015467264573990988,5.336141250000001,0
-3.742279808900212,0.19066686390532547,19.3023702,0
-1.8805906173609024,-0.2875661099365551,1.67559375,1
-2.575706882708461,-0.31766463244574494,4.53683087,1
-2.5096091394271496,-1.0568515384518475,4.63477479,1
-2.6023396117273383,-0.5707312958847647,4.17522378,1
-3.516607896473203,0.13449943181818177,17.26646922,0
-3.713171736846999,0.1514179190751445,19.345237440000002,0
-2.8353153817903496,-0.7503963279752249,5.49603404,1
-2.0091694141232916,0.0189424657534247,13.31669322,0
-0.39304257329479236,0.004032793522267258,0.137835,0
-3.4545978419336243,0.10674069767441857,27.405096840000002,0
-1.5173145779586603,-0.24751075509018328,0.9987360599999999,1
-2.991740053081286,-3.3384471117779437,10.95259584,1
-3.3270177049364107,0.09417643678160914,12.091870310000001,0
-3.1419145522506176,0.06558270270270272,22.186440000000005,0
-3.007804652359131,0.13360379746835438,36.49939748,0
-2.486507810962674,0.027167567567567625,6.632770559999999,0
-3.568432946428203,0.2452058441558441,15.897868439999998,0
-1.5287799632911858,-0.12226689871771794,1.37217056,1
-0.7160064542435767,-0.05893599133401231,0.26472879,1
-2.5446565268052472,-1.1712144221819427,5.4344922,0
-1.5601716235348007,0.01238479262672811,8.62286117,0
-2.4841068497133665,-0.7098691283876468,12.124275,1
-2.0189109666386016,0.02764878048780491,16.81690224,0
-2.5370422777862864,-0.2678357689631176,3.5337925,1
-1.0356374613377077,0.03279999999999995,131.326357,0
-3.759301489226025,0.3817186666666667,18.96183358,0
-2.7919752729078477,-0.780819587392775,5.61124875,1
-1.5930725091594458,-0.39091476562874045,2.9309151100000004,1
-2.7165863808385775,0.0797718918918919,34.223830240000005,0
-3.4203798952685784,0.08524462365591401,24.9770775,0
-2.3794660293386487,0.019189400921658942,5.8604225,0
-2.937463176750788,-2.009717428944982,13.2047274,1
-1.5127649797811944,-2.2004816889860623,31.259644740000002,1
-3.361015303844927,0.08217754010695186,16.900635,0
-2.293625252514551,-3.168127023105257,3.12495372,1
-1.702101542442886,0.21164222522273637,10.742027499999999,1
-1.5750364374075905,0.018686057692307648,18.3772944,0
-2.8629509871888392,-2.0609216431330237,6.682601429999999,1
-0.23889189558393628,0.007451807228915688,0.09513,0
-3.858481764566579,0.21921488095238098,22.738239869999997,0
-3.7338764016347175,0.36520855263157886,23.23219337,0
-2.512072194556215,0.017929032258064546,6.29808813,0
-2.933696694664631,0.04555303030303027,13.249018439999999,0
-2.2424310760123443,-0.6151998969934979,3.0890925,1
-3.76792222855405,0.18776875000000004,23.47008048,0
-1.6255672435509771,-0.04901485436187991,1.17834,1
-2.0047051213267717,-0.39182940626690943,7.37987625,1
-2.9977340758238826,0.08079893048128339,16.34536875,0
-2.683845365992519,-2.2648590326969087,4.92585064,0
-3.6268436872547047,0.1354908571428572,18.843437339999998,0
-2.7838517527062074,0.1020346153846154,41.173990440000004,0
-1.8489648794664346,-0.2970180854771672,9.701081420000001,1
-1.1356912657762808,-0.1993777262126285,0.6852159600000001,1
-3.369698423905152,0.13783212435233155,11.208954480000001,0
-2.0866675061914015,-0.24308834959841089,2.3594512499999998,1
-1.0814602003607185,-0.07180116746758894,0.76439922,1
-2.8319140185453233,0.06622525773195878,18.64454762,0
-1.0503936878098714,-0.13393222626647053,0.6034050000000001,1
-3.0470253574152477,0.7084833333333332,8.191968750000001,0
-2.287696381978132,-0.26473037672341787,3.1794875,1
-3.506557563986704,0.32675668789808926,15.672252,0
-2.7349075011889,-1.2621579568091499,6.92293492,1
-3.8212681855387816,0.11802934131736532,24.03543396,0
-3.907034966404793,0.16085092024539885,32.65814232,0
-0.8615658085162697,-0.06543580684270546,0.39609374999999997,1
-1.668126855760512,0.02229475982532754,4.87845962,0
-3.907034966404793,0.3067363636363637,25.429096920000003,0
-3.8212681855387816,0.3632305194805195,18.510243539999998,0
-0.9869814456656932,0.07185251084908988,7.49127,1
-1.014730777101201,-0.045743650764725294,0.50296875,1
-1.6739763802383396,-0.12374002140515643,1.4484374999999998,1
-0.39928423412551034,0.0697872879587396,5.774447639999999,1
-1.7873690611896074,-0.39047974524246615,1.6133174999999997,1
-3.794239525327417,0.17235121951219515,23.87221875,0
-3.179654871330333,-1.1001682641909074,10.18732,1
-1.6771815110160735,0.015641630901287527,5.26278627,0
-2.653561873772696,0.05961477272727271,13.67578432,0
-2.2274775277428662,-0.19719781640296646,2.59978026,1
-2.4179958322719344,-3.0504952944086505,3.66906672,1
-3.2754459118063655,0.21853033707865174,8.58438,0
-2.9113909412967276,0.05054918918918914,14.884068479999998,0
-1.1472774291533283,0.00820460251046029,1.244854,0
-3.313186229614205,0.12257073170731701,43.35149,0
-2.2321265361488436,-4.266976053899339,4.57277191,1
-2.12779171865783,-0.5228794609582302,3.7417289699999996,1
-1.51549225407496,-0.28881704139885506,0.9941425000000002,1
-2.3065930139899833,0.02624074074074077,6.19802832,0
-2.5652492724315357,0.05640166666666665,24.33917298,0
-2.147292122971576,-0.7824720666241173,4.12984944,1
-3.6928870739051303,0.1653410714285714,32.09537292,0
-1.240291032433854,-0.09684093666952907,0.74977881,1
-3.026191274853154,-11.030251180617345,13.697006250000001,1
-3.564893120976117,0.18663481012658234,18.03111011,0
-3.623091339044168,0.0976780898876404,23.21954286,0
-3.1512169427495533,0.08316505376344092,25.298900240000002,0
-0.4270973929072587,-0.05292365802280818,0.18215008,1
-0.5727010097535818,-0.14137298919130298,0.23028119999999996,1
-2.342365858947623,0.034992670157068126,13.03916513,0
-2.312635327837451,3.5303829915560945,7.164709200000001,1
-4.0863757973350054,0.19680059523809523,33.973450559999996,0
-2.977892158962025,-4.76882511920195,16.04198503,1
-3.259697558971823,-1.4713798824847433,9.64927872,0
-1.1851510173735398,0.006810683760683814,2.1806498100000002,0
-2.0402207516034805,-0.6309127300589513,3.5127040000000003,1
-2.142168286409269,-1.9558428541665493,2.44436192,1
-3.064010900174546,-0.7358744774727751,7.946392609999999,1
-3.6008682104909235,0.13220518134715029,28.41168057,0
-2.09557084230891,0.9691256632022672,3.9867375000000003,1
-0.025112690560768522,0.01774686139134149,0.07723584,1
-4.0923459607572115,0.19475738636363635,32.59554764,0
-3.3270177049364107,0.06974216216216214,30.33116328,0
-3.7338764016347175,0.15767045454545456,21.58090413,0
-1.4481697222847876,-0.16757306910538922,1.1045,1
-0.13284590191268908,0.0066357429718875375,0.05840252,0
-1.529241324293078,-3.0274796618703124,33.60837139,1
-2.6794625984777136,-0.7364311971364949,4.923765,1
-2.9187710472326946,-1.2004302207169586,8.3434482,0
-2.600990994037922,-1.2677893231178994,5.2886050000000004,1
-0.9506233850814395,0.017346039603960334,12.11194375,0
-3.932225202541714,0.29631375000000004,22.76188964,0
-2.0394518165997297,0.03694635416666673,42.20498642,0
-2.253794833586523,0.19025687956243212,11.25075,1
-3.7009516304899877,0.22521132075471706,22.81065748,0
-3.759301489226025,0.15569488636363635,24.660915720000002,0
-3.053361174526243,-1.3501788640633117,7.64463,1
-3.76792222855405,0.12241067415730332,21.40339971,0
-1.4832458431240636,0.011904761904761904,5.28393375,0
-1.395536902115407,0.010428773584905704,8.09154159,0
-1.4562876900403836,-0.5580168630328538,1.55885625,1
-3.223888115435495,-1.7718146100781216,10.63522466,1
-1.8432632489239786,-0.3791996546878237,5.08274389,1
-2.8319140185453233,0.0680113861386139,10.97135012,0
-3.3813944602483716,0.30125126582278483,12.802275000000002,0
-3.4966072364338645,0.22195032258064515,19.27256952,0
-2.8895718978695015,0.055718781725888275,11.77492352,0
-2.440698280313124,-0.6299969729579413,3.80046043,1
-2.098012845765682,0.017092139737991226,8.651883750000001,0
-3.6343908900420594,0.12875911949685537,19.33668,0
-3.092242953670542,-0.48547150582879706,8.30139,1
-3.2780949192762177,0.06322328042328038,13.381614999999998,0
-2.6104697367089336,-1.640622675835555,4.87611495,0
-2.808423009411532,0.04969518716577544,9.415344509999999,0
-0.03345336591902725,0.03314556225536874,0.04032807,1
-2.075449440729027,-0.8218788963991412,2.43940625,1
-2.3612739832981924,0.02851571428571433,11.77178019,0
-0.9628583414987668,-0.07794811912681188,0.50748856,1
-1.2873543770331035,-0.43053814292288883,1.0924908,1
-2.742641490592338,-1.3143793339142322,7.284715479999999,1
-3.343872031756807,0.7235806451612904,13.39664652,0
-2.683845365992519,0.05249609756097556,8.714226250000001,0
-2.486507810962674,0.05181650000000005,12.75802944,0
-3.2493347746209835,-2.2060852482982316,10.42426796,1
-2.1053748416045375,1.8273111979166676,15.56249562,1
-3.201526940833372,0.05215980392156866,34.01739781,0
-3.7898049302261185,0.46081129032258067,21.033632419999996,0
-3.7507544323001993,0.14255698924731186,19.4780737,0
-3.5578508408304006,0.1773341614906833,19.5675072,0
-1.2113331251526454,-0.3027726023851445,1.3661575000000001,1
-2.4769383610912117,-0.5678602345569594,3.7964472000000002,1
-3.4514382826415386,0.28125,17.2043825,0
-2.0826465923719657,-0.5705685580217059,2.5838925,1
-3.352406931778478,0.12653333333333336,11.267518500000001,0
-3.007804652359131,-1.3939637241035028,7.1232725199999996,1
-2.363397126120883,-0.23930665315946253,3.18058,1
-3.7898049302261185,0.19140639534883716,18.926562099999998,0
-1.0097775475177153,0.023437442922374443,2.2313375,0
-3.8873299050330155,0.22513105590062119,39.416895700000005,0
-2.5876039150476284,0.05921487179487176,29.57365584,0
-0.2642259833912146,0.0030258196721311865,0.11194524000000002,0
-2.845589443007247,-0.75884920829319,8.48961848,1
-3.0449223076607512,0.047260093896713554,8.35737,0
-2.7520019318915936,-1.6189914985640241,5.727115459999999,1
-1.4735966458736267,-0.5258326918206506,1.79080597,1
-3.4737677519163976,0.19236357615894037,23.8006406,0
-3.4295965475419257,0.13943928571428577,14.654115,0
-0.2864827785589463,0.005271951219512169,0.10948122000000002,0
-3.5613657817023627,0.16239554140127396,16.975980720000003,0
-2.9299443457500876,-3.497768078563635,15.603036780000002,1
-3.780994304425347,0.13958023255813956,27.128865,0
-2.0778427404439377,0.09552958579881653,37.114500840000005,0
-0.2760170277425747,0.002071659919028302,0.142275,0
-2.515778189692719,0.025087793427230106,7.21476936,0
-3.2968370960676787,0.08308620689655169,14.695782099999999,0
-2.447610749437374,0.8339946849175436,5.1744992,1
-1.6917331008721155,-12.696282474522752,20.69409636,1
-1.6702499986958963,0.04562320441988952,105.46415588,0
-1.8332065966031437,-0.6351993304571281,5.374638749999999,1
-0.5210443071224711,1.5541556830516372,19.11615625,1
-3.4514382826415386,0.12302554347826082,15.318891859999999,0
-2.093134787708841,0.15687086092715233,88.55304894,0
-2.3990958832427367,-0.8579850510580062,16.25508864,1
-2.125275994271545,-1.2628450396283137,2.5238175,1
-2.6678682673771696,0.05879637305699484,53.468071020000004,0
-1.4447712484700463,0.27323557417634736,3.8464875000000003,1
-1.949817703612264,-0.7429956018895586,3.151945,1
-2.7504357611041375,0.04456505376344081,10.68061662,0
-0.23889189558393628,0.005114056224899636,0.09513,0
-3.619353018331067,0.0982797872340425,16.429182559999997,0
-2.9450389691244223,-1.6137175175543006,7.71905,1
-2.5096091394271496,-0.8929452684432069,3.6418985399999997,0
-3.026191274853154,0.3181201438848922,8.91510995,0
-2.662121125947345,-0.7815739666403297,5.1695625000000005,1
-4.028556259886503,0.2843905405405405,30.1098926,0
-2.6118312071218943,0.030939719626168285,8.84714422,0
-2.719616685728619,0.03622341463414639,14.33133231,0
-3.593568910673314,0.09578709677419348,16.026656250000002,0
-2.5770218071168673,-1.4789024142087164,4.4482192000000005,1
-1.879935094600983,-0.4036887701147629,1.94565,1
-1.2743952328571033,0.11420729675155382,10.60500432,1
-1.1637909826726116,-0.09641032952258179,1.0227825000000001,1
-0.2146794605074349,0.0015465306122448464,0.08737643999999999,0
-2.669310228486146,-1.269766471004959,5.658345000000001,1
-3.191746914170975,-2.3504901551462116,10.53718512,1
-2.933696694664631,0.06409438775510204,12.64741156,0
-3.0449223076607512,-1.292966584624936,10.152880080000001,1
-0.8367866076722006,-0.089023725554625,0.39520374999999996,1
-0.6857744063774451,2.959426763446863,1.05988554,1
-0.9741846838029918,-1.4805661304187638,29.61800825,1
-3.1606066808951963,-3.2165674172812238,9.16458192,1
-2.204551262060853,0.03588033707865163,34.545044510000004,0
-3.8304425576063363,0.2936071895424836,21.97514081,0
-3.2114035618905725,0.07647783783783789,26.57802329,0
-0.5967466681116251,1.2041320629744743,10.828485019999999,1
-4.0173829655305715,0.2133849397590361,31.585570199999996,0
-3.0491328393106643,0.07725428571428568,47.61527658,0
-2.894982189622038,0.04658571428571427,17.53954524,0
-2.4315553605253695,-2.9794139685293994,15.12686043,1
-2.5194979703340246,-0.5171298678825933,6.3739256,1
-1.341703439536469,-0.03171414334744366,1.03469962,1
-2.5678534402308384,-0.5550577611490164,4.17886911,1
-3.6458195815118,0.5787478723404255,16.86234087,0
-0.9349639716685592,0.00917038626609438,3.92274142,0
-3.8258448504716025,0.27666322580645164,22.52593782,0
-2.6436678015259756,-3.8099044543130134,5.7087398700000005,1
-0.7438090743228299,0.11125117591721527,4.82229874,1
-3.615628620627201,0.2764558441558441,15.52757577,0
-2.7952432491384798,-1.4032018448302623,6.623240000000001,1
-3.738069278136729,0.20857988165680474,20.11595992,0
-1.591597945189857,-0.08807904005752565,1.61521988,1
-1.2722516093904372,-0.07365786105116329,0.84292566,1
-2.5862750113741733,0.036822274881516556,12.684285000000001,0
-2.547207548271467,-0.4982166543846721,4.336512389999999,1
-1.321630810298856,-0.11381938868368942,1.03900986,1
-2.7165863808385775,0.023544090909090896,9.10775375,0
-1.6890223376350926,0.13158458364802558,14.18880176,1
-0.3578184403387518,0.0354354234722335,3.11437664,1
-0.2682716658549339,0.0024249999999999736,3.18627549,0
-2.772588562239794,-0.7002055369199783,6.67135625,1
-2.273997538960408,0.023940888888888845,5.84857875,0
-1.5881657282109358,0.011304608294930905,13.98603069,0
-2.4580698790120175,-0.6652532589863432,3.6722399999999995,1
-0.8632239872295446,-0.2692765332838196,0.33744,1
-2.5083798831235273,-1.7638143912559459,3.96587312,1
-1.0359191911527355,0.0071834745762712,6.91905942,0
-0.36528330406611076,0.09521663632376168,2.8540749999999995,1
-1.5842575651470994,-0.6201081616513426,8.14929983,0
-3.763602569275483,0.1680183544303797,22.612657199999997,0
-2.8682187771987087,-1.1724553851672497,7.298800000000001,1
-3.6928870739051303,0.08453064516129034,23.0829225,0
-3.5370167611621377,0.19684702380952382,14.06657625,0
-1.10835960982914,-0.066203556034787,0.55843017,1
-3.1966249714346335,0.22771834319526624,8.549637839999999,0
-4.011842788224322,0.28288164556962025,26.979639180000003,0
-2.4545713335774986,0.40852922581757545,10.74072125,1
-2.866459762102943,-0.20135583888229322,5.856671479999999,0
-2.5822988635215265,-0.9845027760053392,5.8489225199999995,0
-2.9622973040441747,-2.0595577455611664,7.9786025,1
-2.5459312240747627,-0.485212296956409,4.1414800000000005,1
-2.9299443457500876,-1.2832504177547353,6.20797428,1
-3.231454353910536,1.2863636363636364,10.0203284,0
-3.9633157735000455,0.26157771084337345,23.0091577,0
-3.005782407387311,-1.5658900540470708,8.3510658,1
-3.6268436872547047,0.10369690721649483,26.12496656,0
-0.3054387804688358,0.003953846153846116,0.13203456,0
-2.047942797101088,155.1873065015479,16.824825,1
-1.746977269083817,0.05696820809248559,41.57926500000001,0
-0.9665319220227844,-0.10345332754528204,0.48660768,1
-1.6215104430610834,0.02060450450450446,22.97676992,0
-2.0675128917631818,-0.68901136953887,2.7661375500000003,1
-3.14888321994796,-1.4497777000469452,8.76304143,1
-2.5849478713422407,1.8182085501017866,11.967548319999999,1
-1.2862680108602225,-0.20751963745652147,0.90833625,1
-2.5691580716872973,-1.3618752865657957,4.25513,1
-2.293625252514551,0.032586010362694255,8.51931997,0
-3.6969112225854754,0.15353157894736835,23.26281664,0
-0.9683737854077993,-0.35428060903723535,32.67003349,1
-4.233605939900674,0.24498805031446544,46.56639185,0
-2.617295700847454,-0.667613858546886,6.0586934,1
-0.033349969342430945,0.004557317073170783,0.01615224,0
-3.239078277083712,0.074520618556701,13.43727,0
-0.05900716997220384,0.05432945928123973,5.29090375,1
-3.7507544323001993,0.247656129032258,19.12850885,0
-1.4233733278503118,-0.039162213691193964,0.96461178,1
-1.0429883565432685,-0.06842882223370925,0.84724008,1
-2.015903445800776,0.3935694169615661,7.656229440000001,1
-0.3828722447906231,0.009733739837398349,0.19891023,0
